timestamp (ms);EMG_Quadriceps (raw);ECG_Isquiotibiais (raw);Angulo_Relativo (graus)
900;171;299;37.63
905;270;304;37.51
905;576;289;37.38
906;146;290;37.23
906;317;304;37.09
906;784;310;36.99
906;151;294;36.94
906;302;318;36.93
906;670;323;36.92
906;170;303;36.91
906;330;304;36.92
915;567;302;36.96
916;133;288;37.02
916;176;294;37.1
916;706;336;37.18
916;142;288;37.23
916;161;302;37.24
916;733;350;37.23
916;140;289;37.23
923;217;310;37.23
923;787;333;37.22
925;139;298;37.21
925;229;307;37.17
927;756;346;37.12
927;112;282;37.04
929;321;315;36.95
931;767;320;36.86
931;136;289;36.77
933;299;314;36.71
933;714;325;36.66
935;160;298;36.64
935;251;310;36.64
937;754;336;36.66
937;66;289;36.69
939;306;320;36.73
941;774;317;36.78
941;174;304;36.83
941;430;329;36.89
941;709;326;36.96
941;119;297;37.03
941;368;336;37.1
946;762;326;37.19
948;128;302;37.28
948;509;336;37.38
948;679;319;37.47
948;174;295;37.54
948;390;325;37.59
948;623;323;37.63
948;125;295;37.64
948;412;310;37.64
948;624;319;37.62
956;181;310;37.59
958;384;322;37.57
958;547;308;37.51
960;217;306;37.43
960;528;336;37.34
962;636;309;37.25
962;195;303;37.14
964;304;321;37.04
964;634;333;36.93
966;142;311;36.86
966;401;338;36.79
968;808;381;36.73
968;207;304;36.69
970;483;366;36.67
970;949;389;36.66
972;327;336;36.65
972;669;379;36.62
974;1072;390;36.59
974;277;323;36.57
976;746;397;36.56
976;1055;363;36.57
978;377;314;36.6
978;808;384;36.65
978;912;329;36.68
980;185;304;36.7
982;831;371;36.71
982;749;293;36.7
984;107;272;36.66
984;779;362;36.65
986;475;246;36.7
986;155;299;36.78
988;528;316;36.9
988;214;218;36.99
990;159;291;37.03
990;602;320;37.02
990;222;240;37.0
992;112;288;36.99
992;664;374;36.99
1463;176;294;36.99
1463;301;309;36.98
1463;790;380;36.97
1469;301;327;36.96
1470;186;311;36.95
1470;1176;391;36.93
1470;505;378;36.93
1470;298;331;36.91
1470;1023;400;36.88
1470;720;377;36.83
1470;279;310;36.76
1470;667;325;36.68
1470;677;331;36.59
1470;275;345;36.52
1477;731;321;36.44
1477;559;301;36.37
1479;316;315;36.31
1479;609;325;36.27
1479;272;276;36.23
1479;227;293;36.22
1479;445;295;36.23
1479;202;257;36.25
1479;373;323;36.29
1479;496;304;36.35
1485;147;269;36.42
1485;330;318;36.5
1486;538;313;36.6
1486;208;276;36.7
1486;427;326;36.81
1486;417;311;36.91
1486;254;307;37.02
1486;371;320;37.14
1486;609;338;37.25
1486;320;320;37.36
1486;260;295;37.46
1486;645;370;37.54
1493;273;304;37.6
1493;442;307;37.64
1495;534;321;37.66
1497;295;300;37.66
1497;389;320;37.63
1497;669;335;37.59
1497;196;294;37.52
1497;241;314;37.45
1497;572;336;37.38
1497;219;288;37.3
1545;262;305;37.23
1547;425;303;37.17
1549;252;313;37.11
1550;219;304;37.06
1887;560;319;37.01
1893;211;303;36.98
1893;309;315;36.95
1894;523;330;36.93
1895;322;304;36.92
1895;303;309;36.94
1895;405;304;36.99
1897;320;310;37.05
1897;271;305;37.14
1897;539;320;37.22
1897;167;304;37.3
1897;208;291;37.36
1897;526;319;37.41
1901;262;290;37.45
1901;326;308;37.5
1902;379;277;37.55
1902;237;301;37.6
1902;366;316;37.65
1902;375;320;37.68
1902;157;287;37.67
1902;394;315;37.65
1902;464;317;37.6
1902;287;304;37.56
1902;418;318;37.52
1902;453;308;37.48
1902;247;304;37.44
1902;331;306;37.4
1902;464;330;37.36
1902;236;303;37.32
1902;363;295;37.29
1902;451;318;37.27
1909;273;304;37.26
2173;307;302;37.26
2173;464;311;37.27
2173;190;301;37.27
2173;317;279;37.26
2173;481;325;37.25
2173;171;292;37.26
2177;318;320;37.3
2177;443;332;37.35
2178;144;290;37.41
2178;494;336;37.45
2180;464;320;37.47
2180;171;292;37.51
2180;452;336;37.54
2180;463;324;37.57
2181;97;273;37.61
2181;490;325;37.65
2181;464;304;37.69
2181;212;299;37.73
2181;477;333;37.76
2181;377;305;37.78
2181;109;287;37.8
2181;385;325;37.82
2181;347;311;37.84
2185;113;284;37.85
2185;524;319;37.85
2222;294;300;37.84
2222;146;304;37.82
2224;511;336;37.81
2224;400;311;37.81
2265;80;282;37.75
2265;511;336;37.78
2265;445;337;37.79
2305;119;299;37.79
2305;542;343;37.79
2305;426;370;37.8
2305;128;297;37.81
2361;607;368;37.84
2363;733;386;37.88
2365;129;304;37.93
2366;719;379;37.98
2366;858;383;38.03
2368;235;318;38.09
2433;960;401;38.15
2435;797;365;38.22
2435;162;299;38.28
2435;885;370;38.33
2435;474;293;38.37
2435;162;305;38.38
2497;815;343;38.39
2497;345;282;38.39
2497;122;314;38.38
2497;870;335;38.36
2497;218;268;38.34
2504;99;297;38.3
2565;724;314;38.26
2565;214;273;38.21
2566;257;304;38.16
2566;710;327;38.11
2566;246;274;38.07
2566;208;315;38.02
2621;1059;398;37.98
2621;272;300;37.95
2621;417;320;37.94
2621;1178;403;37.94
2621;224;322;37.94
2678;283;320;37.95
2678;1147;370;37.96
2680;550;341;37.98
2680;438;333;38.01
2680;1120;366;38.05
2718;432;341;38.1
2720;295;309;38.15
2720;879;319;38.19
2759;240;306;38.22
2762;240;290;38.25
2762;826;294;38.26
2763;211;296;38.27
2804;208;304;38.28
2804;855;320;38.28
2806;176;287;38.28
2807;201;302;38.26
2857;640;307;38.24
2857;214;282;38.23
2857;218;297;38.21
2862;555;274;38.2
2862;142;287;38.19
2914;256;314;38.16
2914;726;326;38.12
2914;116;290;38.07
2916;221;304;38.0
2918;674;332;37.92
2967;100;295;37.86
2967;179;304;37.8
2967;722;317;37.77
2967;115;302;37.75
2967;140;305;37.73
3021;851;341;37.7
3021;100;302;37.67
3021;155;301;37.64
3021;739;331;37.63
3021;57;291;37.63
3081;209;317;37.66
3081;656;304;37.69
3081;89;286;37.74
3081;237;304;37.79
3083;811;332;37.84
3137;149;297;37.87
3138;272;309;37.89
3138;726;321;37.89
3138;89;299;37.89
3138;183;306;37.87
3191;617;307;37.85
3191;61;299;37.82
3195;118;298;37.78
3196;784;327;37.75
3196;18;279;37.71
3252;69;292;37.68
3252;709;325;37.64
3252;58;282;37.62
3252;173;303;37.6
3252;589;311;37.6
3310;19;289;37.61
3310;134;304;37.63
3312;705;330;37.66
3313;57;285;37.71
3313;209;308;37.76
3313;598;321;37.81
3486;23;289;37.86
3488;272;318;37.92
3492;682;319;37.97
3492;89;290;37.99
3494;285;308;38.0
3496;751;336;37.99
3498;68;306;37.96
3500;222;304;37.92
3502;576;322;37.88
3504;154;312;37.84
3506;274;321;37.79
3508;678;320;37.74
3510;69;289;37.69
3514;244;309;37.64
3516;667;330;37.62
3516;111;295;37.61
3518;354;326;37.61
3518;731;320;37.63
3617;150;304;37.66
3619;245;319;37.7
3621;529;320;37.73
3621;122;291;37.77
3621;326;314;37.82
3621;607;337;37.86
3621;192;319;37.88
3621;354;322;37.88
3621;566;309;37.88
3621;158;299;37.87
4218;339;323;37.87
4227;447;314;37.88
4227;245;304;37.9
4229;352;299;37.92
4229;620;316;37.94
4229;181;309;37.96
4231;490;326;38.0
4231;415;286;38.06
4231;243;297;38.1
4233;448;336;38.13
4233;523;308;38.14
4233;208;304;38.11
4235;146;304;38.05
4236;613;304;37.98
4236;151;301;37.91
4236;549;349;37.86
4236;720;366;37.84
4236;285;309;37.84
4236;402;351;37.82
4236;594;365;37.75
4236;151;297;37.67
4236;547;365;37.6
4236;982;384;37.57
4243;343;319;37.55
4243;743;385;37.53
4243;836;362;37.53
4243;288;318;37.54
4243;603;359;37.56
4243;657;310;37.59
4243;194;302;37.6
4243;683;339;37.56
4243;511;291;37.5
4243;154;295;37.43
4243;511;323;37.38
4243;303;252;37.35
4252;192;302;37.37
4253;242;291;37.38
4253;144;251;37.42
4253;74;275;37.48
4253;475;304;37.53
4253;97;254;37.59
4253;247;336;37.63
4253;339;357;37.68
4253;161;294;37.71
4253;357;295;37.7
4253;624;378;37.65
4260;208;319;37.58
4260;311;314;37.52
4262;717;358;37.51
4262;400;339;37.52
4262;353;320;37.52
4262;898;360;37.49
4262;789;367;37.43
4262;256;310;37.38
4262;661;327;37.26
4262;449;289;37.1
4262;176;314;36.99
4318;639;304;36.82
4318;1041;287;36.59
4318;198;290;36.34
4318;615;306;36.11
4318;215;269;35.93
4375;217;302;35.8
4379;417;306;35.71
4379;157;267;35.65
4379;205;298;35.57
4381;336;294;35.49
4442;125;276;35.55
4444;418;345;35.47
4444;481;311;35.5
4444;171;286;35.6
4447;244;305;35.74
4447;370;326;35.93
4535;315;312;36.14
4535;144;295;36.4
4535;149;302;36.71
4535;215;287;37.11
4535;301;299;37.65
4535;385;318;37.8
4535;133;281;37.85
4535;194;301;37.76
4535;257;311;37.59
4617;87;274;37.44
4617;230;292;37.3
4617;266;285;37.19
4617;166;300;37.08
4617;350;304;36.97
4617;461;305;36.86
4617;140;303;36.75
4704;186;299;36.66
4704;356;320;36.61
4706;257;315;36.62
4706;251;304;36.6
4706;270;303;36.54
4708;138;304;36.51
4708;291;301;36.53
4708;498;326;36.62
4796;85;279;36.76
4796;246;305;36.91
4798;270;302;37.07
4798;259;289;37.2
4800;219;307;37.29
4800;204;295;37.3
4801;193;310;37.23
4801;185;304;37.08
4877;302;302;36.93
4877;132;311;36.78
4877;229;307;36.63
4877;267;311;36.51
4877;151;292;36.43
4877;244;304;36.38
4877;393;304;36.37
4961;246;304;36.37
4961;193;304;36.39
4963;227;313;36.41
4963;185;299;36.43
4963;155;304;36.44
4966;339;333;36.45
4966;86;291;36.47
4966;251;295;36.48
5051;272;297;36.5
5051;209;303;36.52
5051;155;284;36.54
5051;421;335;36.55
5051;163;279;36.56
5051;186;304;36.56
5051;304;319;36.55
5051;143;296;36.53
5134;257;314;36.52
5134;275;314;36.5
5134;86;298;36.48
5134;244;322;36.42
5134;321;301;36.34
5134;76;293;36.25
5134;256;310;36.14
5134;306;305;36.04
5217;189;299;35.94
5217;355;320;35.87
5217;320;305;35.82
5217;100;295;35.78
5217;315;311;35.75
5217;342;306;35.72
5217;162;303;35.7
5300;353;319;35.67
5300;634;326;35.63
5302;227;290;35.58
5302;465;333;35.52
5302;264;309;35.46
5304;150;287;35.38
5304;368;320;35.31
5389;251;329;35.23
5389;153;289;35.15
5389;470;336;35.07
5391;624;375;35.03
5391;49;295;35.04
5391;256;329;35.08
5393;610;358;35.14
5393;119;294;35.19
5454;678;371;35.23
5454;670;359;35.23
5454;192;306;35.21
5454;869;377;35.17
5454;549;331;35.12
5454;110;301;35.08
5520;925;368;35.05
5520;329;301;35.02
5520;99;292;35.0
5520;576;335;35.0
5520;234;272;35.01
5520;158;306;35.03
5585;511;320;35.04
5585;155;262;35.05
5585;295;336;35.05
5585;414;304;35.02
5585;351;302;34.98
5585;214;308;34.92
5674;568;321;34.84
5674;145;277;34.76
5676;207;313;34.68
5676;1133;391;34.62
5676;271;304;34.57
5678;237;331;34.5
5678;605;368;34.41
5680;533;291;34.3
5772;234;314;34.17
5772;940;333;34.05
5772;585;354;33.92
5772;177;302;33.81
5777;880;331;33.75
5777;196;283;33.72
5777;277;318;33.71
5777;623;304;33.7
5777;335;304;33.68
5855;226;290;33.67
5855;591;273;33.7
5855;318;305;33.77
5860;255;310;33.9
5860;637;287;34.07
5862;309;306;34.26
5862;193;305;34.42
5864;720;320;34.51
5946;560;345;34.54
5946;273;303;34.5
5946;586;297;34.4
5946;213;293;34.23
5946;208;288;34.02
5946;849;335;33.82
5946;273;301;33.66
5946;176;296;33.56
6030;614;332;33.54
6030;176;288;33.57
6032;214;306;33.62
6032;822;327;33.68
6032;285;297;33.73
6034;240;294;33.76
6034;366;320;33.79
6110;106;304;33.83
6113;192;304;33.89
6113;830;336;33.96
6113;193;288;34.04
6113;203;283;34.13
6113;659;315;34.24
6117;94;290;34.34
6195;243;308;34.46
6195;754;331;34.59
6197;206;304;34.73
6197;293;301;34.85
6197;879;351;34.94
6199;161;302;35.01
6199;247;319;35.03
6199;537;302;35.0
6277;284;304;34.94
6277;321;320;34.86
6277;602;348;34.76
6277;158;293;34.67
6277;472;326;34.6
6277;577;313;34.55
6283;160;297;34.55
6366;687;336;34.57
6366;843;326;34.62
6366;146;295;34.68
6366;246;305;34.72
6366;995;323;34.75
6366;226;299;34.76
6366;496;325;34.79
6366;375;295;34.84
6448;234;307;34.91
6448;128;304;34.98
6450;787;329;35.02
6450;181;292;34.99
6450;235;305;34.88
6450;615;323;34.72
6452;304;307;34.54
6512;320;319;34.4
6512;656;325;34.35
6512;327;307;34.33
6512;181;299;34.31
6512;593;304;34.29
6512;273;306;34.24
6595;688;325;34.19
6595;696;331;34.12
6595;184;294;34.04
6595;265;307;33.98
6595;866;337;33.94
6595;181;298;33.94
6595;474;345;34.0
6595;717;301;34.08
6673;257;304;34.16
6673;300;316;34.21
6673;1411;351;34.23
6673;151;302;34.22
6676;537;336;34.22
6676;317;313;34.21
6678;114;304;34.2
6746;402;320;34.19
6746;401;294;34.21
6746;129;294;34.27
6746;404;311;34.36
6746;701;340;34.47
6746;233;310;34.53
6828;272;309;34.54
6828;418;303;34.47
6828;144;307;34.35
6828;588;337;34.21
6828;670;336;34.1
6828;203;304;34.05
6828;317;327;34.04
6828;391;343;34.04
6912;288;332;34.05
6912;397;337;34.06
6912;1039;416;34.05
6912;161;307;34.01
6912;749;384;34.0
6912;948;375;34.01
6919;507;336;34.04
6994;1135;403;34.1
6996;1111;368;34.19
6996;123;293;34.25
6998;846;391;34.26
6998;631;306;34.18
7000;221;279;34.04
7000;571;334;33.88
7000;550;256;33.77
7084;89;304;33.72
7084;291;301;33.72
7084;269;282;33.75
7084;143;284;33.78
7084;826;337;33.8
7084;157;229;33.79
7084;145;289;33.75
7084;434;334;33.68
7167;563;261;33.61
7167;226;279;33.56
7167;528;350;33.55
7167;209;293;33.59
7167;147;309;33.65
7167;653;373;33.69
7167;171;285;33.69
7251;308;320;33.66
7251;1606;443;33.63
7251;714;385;33.63
7251;523;333;33.66
7251;482;330;33.73
7251;333;303;33.82
7251;260;311;33.93
7251;773;342;34.04
7340;221;294;34.11
7340;230;305;34.12
7343;498;321;34.07
7343;245;294;33.99
7345;265;306;33.9
7345;768;324;33.82
7346;268;274;33.78
7348;352;318;33.78
7430;482;301;33.79
7430;205;272;33.79
7432;257;304;33.72
7434;390;301;33.61
7434;428;274;33.45
7436;160;297;33.27
7438;369;301;33.1
7438;543;347;32.99
7545;294;310;32.94
7545;496;314;32.95
7547;325;329;32.99
7547;321;304;33.04
7547;666;367;33.09
7549;195;281;33.14
7549;207;286;33.19
7551;357;306;33.24
7551;208;283;33.31
7553;147;286;33.4
7614;281;311;33.54
7616;349;320;33.71
7616;243;308;33.87
7616;187;297;34.0
7618;96;283;34.07
7618;247;304;34.07
7672;338;310;34.04
7674;281;303;33.99
7674;259;297;33.95
7674;213;285;33.93
7674;315;320;33.92
7725;285;307;33.91
7725;236;326;33.9
7725;112;290;33.87
7725;345;297;33.83
7725;482;323;33.76
7805;662;354;33.67
7809;225;301;33.6
7809;573;309;33.56
7811;119;283;33.58
7813;385;291;33.65
7813;667;345;33.72
7815;122;286;33.77
7815;351;307;33.77
7931;273;297;33.73
7931;160;304;33.67
7931;332;306;33.62
7931;254;332;33.62
7938;121;297;33.65
7938;568;320;33.71
7940;406;344;33.76
7940;226;303;33.78
7940;201;294;33.75
7943;261;323;33.68
7943;146;294;33.61
7945;356;317;33.58
8068;722;336;33.6
8068;651;339;33.65
8068;311;296;33.72
8068;282;319;33.77
8068;155;288;33.77
8078;341;303;33.72
8078;386;303;33.62
8080;188;307;33.5
8080;272;304;33.43
8080;244;314;33.42
8084;202;302;33.48
8084;392;310;33.6
8189;511;333;33.72
8192;139;290;33.79
8194;530;327;33.8
8196;195;304;33.75
8198;238;310;33.7
8198;549;339;33.67
8198;407;314;33.7
8198;131;307;33.75
8198;878;367;33.79
8198;383;323;33.81
8198;113;288;33.78
8295;202;284;33.72
8295;330;302;33.65
8295;429;321;33.58
8295;208;304;33.54
8295;404;304;33.53
8303;140;299;33.55
8303;326;315;33.57
8303;197;304;33.58
8303;256;294;33.56
8419;285;310;33.52
8419;255;323;33.49
8421;160;298;33.47
8421;525;341;33.48
8421;185;310;33.51
8423;161;305;33.57
8423;528;317;33.66
8423;853;419;33.75
8425;305;327;33.8
8425;922;390;33.79
8428;689;372;33.72
8512;226;301;33.63
8514;496;351;33.56
8514;769;348;33.53
8514;347;323;33.55
8516;1056;377;33.6
8516;218;305;33.62
8517;240;287;33.59
8517;326;307;33.51
8592;270;285;33.41
8594;80;298;33.33
8594;961;352;33.28
8596;399;255;33.29
8596;119;274;33.34
8596;417;282;33.43
8598;271;307;33.52
8670;349;332;33.61
8670;510;333;33.69
8670;250;267;33.76
8670;144;303;33.8
8670;643;350;33.8
8677;297;291;33.77
8677;209;304;33.75
8680;753;368;33.77
8753;137;277;33.8
8753;160;293;33.84
8753;1201;400;33.84
8753;238;273;33.78
8759;361;329;33.67
8759;658;336;33.54
8761;508;348;33.43
8838;412;304;33.37
8838;768;302;33.39
8840;163;305;33.46
8840;118;281;33.53
8840;918;320;33.61
8842;228;298;33.66
8842;342;328;33.7
8920;496;296;33.74
8920;333;322;33.77
8920;243;281;33.8
8920;743;310;33.82
8920;174;286;33.85
8920;402;283;33.87
8926;746;309;33.91
8927;283;304;33.95
9000;422;336;33.98
9000;576;325;33.96
9000;144;283;33.91
9000;131;277;33.86
9000;581;315;33.83
9000;206;288;33.85
9000;266;312;33.91
9068;401;323;33.99
9068;241;293;34.06
9068;175;294;34.09
9068;369;313;34.08
9068;164;289;34.04
9068;324;308;33.99
9150;698;301;33.95
9150;414;311;33.92
9150;419;311;33.91
9150;729;331;33.9
9150;176;297;33.88
9150;341;305;33.84
9150;704;325;33.81
9233;345;325;33.79
9233;185;294;33.77
9233;546;320;33.77
9233;261;334;33.77
9233;259;304;33.76
9233;368;294;33.76
9233;110;299;33.77
9233;448;329;33.79
9317;405;304;33.8
9317;253;306;33.8
9317;317;336;33.78
9317;634;298;33.77
9317;145;293;33.77
9317;400;330;33.82
9317;624;333;33.9
9409;336;329;33.98
9409;279;324;34.03
9409;326;309;34.05
9409;266;312;34.03
9409;384;335;33.98
9409;304;336;33.92
9409;415;319;33.89
9409;237;321;33.89
9415;676;329;33.93
9493;167;294;33.97
9495;178;304;33.98
9495;830;347;33.94
9495;119;285;33.86
9497;138;311;33.75
9498;639;300;33.64
9498;144;299;33.53
9581;522;336;33.44
9581;334;317;33.36
9581;159;315;33.3
9581;208;306;33.24
9581;464;317;33.2
9581;342;315;33.17
9581;207;319;33.17
9581;432;301;33.2
9673;315;307;33.26
9675;130;299;33.36
9675;356;306;33.47
9675;167;311;33.58
9677;364;330;33.69
9677;618;307;33.76
9677;331;314;33.79
9679;128;298;33.78
9747;355;331;33.75
9747;182;295;33.73
9749;220;318;33.73
9749;336;290;33.75
9749;208;309;33.79
9751;138;292;33.84
9751;895;336;33.87
9802;349;312;33.86
9802;619;350;33.82
9802;327;307;33.76
9809;204;323;33.7
9810;176;310;33.64
9927;445;333;33.62
9929;266;304;33.64
9929;130;304;33.68
9929;694;348;33.75
9933;294;317;33.84
9933;198;318;33.93
9935;448;339;33.97
9935;279;326;33.95
9935;269;322;33.88
9935;976;378;33.8
9935;246;306;33.77
9941;834;379;33.8
10051;1040;342;33.9
10051;447;304;34.03
10051;736;370;34.15
10051;794;303;34.21
10057;112;294;34.19
10058;467;320;34.11
10060;715;270;34.01
10062;181;309;33.94
10062;563;314;33.92
10062;257;258;33.97
10066;130;293;34.07
10169;199;292;34.19
10171;218;215;34.29
10173;221;298;34.35
10173;195;301;34.32
10176;234;272;34.24
10178;286;324;34.13
10180;860;358;34.04
10180;233;292;34.02
10182;338;320;34.05
10183;592;396;34.1
10183;735;405;34.15
10294;459;328;34.17
10294;958;362;34.15
10296;720;372;34.1
10296;255;304;34.03
10296;725;325;33.96
10296;304;304;33.92
10298;468;315;33.92
10298;976;336;33.95
10300;544;274;33.98
10300;103;291;33.98
10389;576;310;33.95
10389;238;273;33.92
10394;171;289;33.91
10394;511;286;33.94
10394;201;282;34.02
10394;381;326;34.11
10394;522;327;34.19
10398;195;295;34.24
10399;130;286;34.26
10475;415;306;34.25
10475;547;336;34.22
10475;391;324;34.19
10478;272;308;34.18
10478;360;322;34.17
10478;247;307;34.18
10480;413;336;34.17
10563;176;288;34.14
10563;772;339;34.07
10563;538;336;33.98
10563;596;319;33.88
10563;261;295;33.81
10563;540;299;33.77
10563;201;287;33.79
10563;164;304;33.88
10650;244;314;33.98
10650;213;298;34.06
10650;176;294;34.09
10650;210;304;34.12
10650;133;301;34.18
10650;634;324;34.26
10650;335;313;34.35
10650;338;331;34.4
10727;207;304;34.4
10727;438;338;34.34
10727;147;281;34.23
10727;433;314;34.11
10731;258;306;34.01
10731;320;306;33.94
10731;171;287;33.92
10808;161;317;33.95
10810;278;311;33.99
10810;191;286;34.02
10810;337;304;34.04
10810;182;303;34.04
10814;441;303;34.03
10814;432;304;34.03
10889;585;341;34.03
10891;423;303;34.02
10891;851;346;34.02
10891;404;317;34.02
10894;235;298;34.04
10894;317;341;34.07
10894;204;306;34.09
10896;304;321;34.1
10982;272;320;34.09
10982;166;302;34.09
10982;208;305;34.09
10982;288;317;34.1
10982;144;297;34.13
10982;322;304;34.17
10982;389;333;34.22
10982;242;304;34.3
11068;211;297;34.38
11068;586;332;34.45
11068;559;318;34.47
11070;687;343;34.42
11070;793;337;34.33
11070;285;294;34.23
11072;485;338;34.15
11073;666;340;34.11
11154;298;304;34.14
11158;339;320;34.19
11158;395;322;34.24
11160;151;296;34.26
11160;496;343;34.24
11160;325;323;34.21
11160;314;319;34.16
11163;789;337;34.11
11238;312;333;34.07
11242;223;314;34.05
11242;743;329;34.07
11242;432;317;34.12
11245;395;314;34.19
11245;681;336;34.26
11247;272;304;34.3
11320;356;299;34.3
11320;218;295;34.27
11322;208;277;34.24
11322;272;294;34.24
11322;541;320;34.27
11324;403;338;34.33
11324;193;291;34.39
11410;252;295;34.46
11410;503;348;34.49
11410;210;286;34.49
11410;388;343;34.45
11410;725;361;34.38
11410;414;336;34.27
11410;1366;435;34.16
11416;910;368;34.1
11494;151;296;34.08
11494;695;362;34.09
11494;562;305;34.13
11494;211;282;34.19
11494;925;366;34.25
11494;385;274;34.29
11494;147;313;34.3
11499;904;338;34.29
11584;228;273;34.27
11584;248;326;34.26
11584;386;301;34.26
11584;464;339;34.26
11584;339;322;34.27
11584;528;303;34.27
11584;266;289;34.24
11584;189;315;34.19
11664;1183;385;34.13
11664;196;287;34.07
11664;339;329;34.01
11664;680;367;33.97
11664;217;292;33.93
11664;299;327;33.92
11664;1059;355;33.92
11741;610;365;33.94
11743;374;304;33.96
11743;957;347;33.98
11745;366;320;33.97
11745;387;319;33.96
11745;670;326;33.93
11745;240;311;33.9
11822;134;300;33.87
11824;511;292;33.85
11824;354;304;33.81
11824;256;303;33.76
11826;767;303;33.69
11828;239;299;33.62
11828;155;303;33.56
11830;473;299;33.51
11903;448;324;33.45
11906;140;277;33.42
11907;528;283;33.39
11907;175;290;33.39
11909;249;301;33.39
11909;547;313;33.41
11911;201;286;33.42
11993;154;294;33.44
11993;411;310;33.44
11993;176;289;33.44
11993;432;318;33.44
11993;834;334;33.44
11993;194;295;33.44
11993;215;303;33.43
11993;601;320;33.42
12078;130;278;33.4
12078;430;320;33.38
12080;788;336;33.34
12080;183;297;33.31
12080;247;309;33.3
12082;369;311;33.3
12082;167;309;33.32
12168;339;321;33.38
12168;560;313;33.45
12168;104;295;33.53
12168;133;315;33.61
12168;465;326;33.66
12168;80;297;33.7
12168;176;299;33.73
12168;453;290;33.77
12168;85;299;33.8
12238;261;304;33.83
12240;464;300;33.84
12240;210;317;33.83
12240;231;311;33.8
12242;306;301;33.75
12242;217;291;33.68
12310;158;286;33.6
12310;224;292;33.52
12312;167;304;33.44
12312;254;306;33.38
12312;495;295;33.34
12312;119;288;33.3
12374;178;303;33.28
12374;355;320;33.27
12376;103;309;33.25
12377;239;314;33.25
12377;447;306;33.25
12377;54;300;33.27
12432;229;320;33.29
12432;592;325;33.31
12432;124;304;33.32
12432;134;298;33.33
12432;509;321;33.34
12497;251;306;33.35
12497;233;304;33.36
12499;784;316;33.37
12499;127;304;33.38
12499;158;314;33.39
12501;609;336;33.39
12578;146;300;33.4
12578;258;320;33.42
12578;451;301;33.44
12578;142;300;33.47
12578;225;316;33.5
12578;471;304;33.53
12578;235;311;33.56
12668;256;310;33.58
12668;422;317;33.59
12668;451;325;33.6
12670;170;306;33.6
12670;511;322;33.6
12670;148;297;33.6
12670;225;311;33.6
12670;396;301;33.6
12732;243;315;33.6
12732;151;304;33.59
12732;369;306;33.59
12734;269;320;33.58
12734;304;317;33.57
12734;400;325;33.56
12843;103;300;33.56
12844;278;327;33.56
12844;539;370;33.57
12844;206;318;33.57
12846;226;336;33.57
12846;864;373;33.57
12846;256;309;33.56
12848;480;363;33.54
12848;603;336;33.5
12848;237;304;33.46
12927;562;370;33.42
12927;651;330;33.37
12927;283;303;33.33
12927;532;365;33.29
12927;606;283;33.27
12927;176;286;33.28
12931;431;326;33.29
12931;267;272;33.31
12992;165;297;33.34
12994;449;311;33.36
12996;241;272;33.39
12996;205;299;33.42
12998;336;314;33.45
13000;288;259;33.48
13102;133;293;33.5
13102;411;339;33.53
13105;178;283;33.56
13108;231;310;33.59
13108;557;377;33.62
13108;245;308;33.66
13108;318;314;33.7
13108;576;362;33.74
13114;382;340;33.78
13116;276;322;33.83
13213;496;320;33.87
13213;486;345;33.9
13213;317;327;33.92
13213;483;336;33.93
13213;346;304;33.92
13213;300;318;33.92
13213;293;282;33.92
13213;301;293;33.93
13213;327;317;33.96
13222;287;290;33.98
13305;262;283;34.0
13307;176;304;34.02
13307;351;303;34.03
13307;154;276;34.03
13309;200;305;34.03
13309;311;299;34.04
13311;171;296;34.06
13311;249;305;34.09
13411;293;312;34.12
13411;191;290;34.15
13411;169;287;34.19
13411;278;322;34.22
13411;203;293;34.26
13411;214;304;34.3
13417;256;320;34.35
13419;221;290;34.39
13419;174;283;34.44
13510;244;318;34.48
13510;110;279;34.53
13510;123;299;34.58
13510;233;315;34.61
13510;100;289;34.64
13516;245;304;34.65
13516;159;289;34.66
13516;117;304;34.66
13516;168;299;34.67
13608;272;289;34.68
13608;92;307;34.68
13608;182;293;34.69
13614;165;311;34.7
13616;126;297;34.7
13616;176;290;34.69
13618;181;304;34.68
13618;175;301;34.68
13620;228;288;34.69
13705;219;293;34.71
13705;130;299;34.74
13705;272;298;34.78
13705;189;303;34.82
13705;95;290;34.87
13713;193;302;34.92
13715;147;281;34.97
13715;157;301;35.02
13715;232;303;35.09
13807;349;320;35.14
13807;160;298;35.19
13807;182;289;35.24
13807;368;338;35.27
13813;95;288;35.31
13813;274;303;35.34
13815;337;321;35.37
13815;211;311;35.4
13815;234;294;35.45
13909;313;321;35.5
13911;162;310;35.56
13911;255;295;35.6
13911;291;320;35.64
13911;165;299;35.66
13911;194;288;35.68
13911;263;315;35.7
13911;294;305;35.73
13911;54;288;35.76
14009;416;336;35.8
14009;179;265;35.83
14009;184;303;35.87
14009;443;334;35.9
14009;269;291;35.93
14009;127;305;35.95
14016;386;321;35.99
14018;225;299;36.02
14018;192;315;36.07
14109;404;320;36.11
14109;170;288;36.15
14109;128;308;36.19
14109;387;315;36.22
14109;314;304;36.25
14115;225;308;36.27
14115;316;305;36.28
14115;214;304;36.3
14115;251;310;36.32
14215;323;307;36.34
14215;122;283;36.37
14215;189;310;36.4
14215;353;325;36.43
14215;171;293;36.46
14215;289;321;36.49
14222;400;343;36.51
14224;185;287;36.54
14226;370;330;36.56
14226;606;368;36.57
14323;103;273;36.59
14323;336;333;36.6
14325;690;378;36.63
14325;64;272;36.65
14325;511;357;36.67
14327;706;368;36.7
14327;80;288;36.71
14327;592;358;36.73
14329;583;334;36.75
14403;111;289;36.77
14403;590;343;36.79
14406;484;313;36.8
14406;217;317;36.82
14408;610;332;36.84
14408;381;277;36.85
14410;221;331;36.85
14494;490;315;36.85
14494;222;247;36.84
14494;257;320;36.85
14494;509;315;36.88
14494;144;263;36.91
14494;299;332;36.94
14494;592;349;36.97
14494;225;293;37.0
14567;357;324;37.01
14567;684;366;37.02
14567;162;315;37.04
14567;290;305;37.05
14567;791;356;37.08
14567;446;352;37.11
14574;272;295;37.12
14652;779;335;37.13
14652;511;351;37.14
14652;166;293;37.13
14654;590;318;37.14
14654;384;310;37.15
14654;190;290;37.16
14657;523;299;37.17
14657;208;273;37.18
14735;100;279;37.18
14735;637;304;37.19
14737;97;267;37.19
14737;102;274;37.18
14737;496;304;37.19
14739;80;272;37.19
14739;59;272;37.2
14818;484;303;37.2
14818;215;314;37.21
14818;52;272;37.22
14818;624;322;37.24
14818;240;320;37.25
14818;21;286;37.27
14818;594;333;37.28
14823;272;314;37.3
14910;48;292;37.31
14910;546;321;37.31
14912;229;317;37.31
14912;26;285;37.31
14912;643;332;37.3
14914;90;288;37.3
14914;34;290;37.29
14915;624;327;37.29
14990;190;302;37.27
14990;25;291;37.26
14990;551;304;37.24
14990;259;317;37.24
14990;7;289;37.25
14990;658;322;37.27
14990;124;305;37.29
15074;61;293;37.32
15076;598;324;37.32
15076;197;309;37.32
15076;0;292;37.32
15078;530;299;37.33
15078;231;319;37.34
15078;16;297;37.36
15080;571;310;37.39
15179;183;295;37.4
15179;38;294;37.41
15179;497;320;37.42
15179;182;294;37.43
15179;48;299;37.43
15179;498;304;37.43
15179;220;304;37.44
15179;0;288;37.43
15179;594;329;37.42
15262;172;296;37.41
15262;5;295;37.4
15262;491;327;37.38
15262;249;309;37.36
15262;0;288;37.34
15262;606;319;37.32
15262;191;309;37.3
15339;0;295;37.29
15341;582;324;37.3
15343;95;295;37.31
15344;0;288;37.33
15344;528;320;37.34
15346;167;304;37.35
15346;0;299;37.35
15346;603;318;37.35
15420;102;302;37.35
15422;59;301;37.35
15422;579;333;37.36
15422;41;282;37.38
15422;23;297;37.39
15422;597;323;37.41
15427;112;294;37.43
15508;36;305;37.45
15508;576;309;37.46
15508;14;282;37.48
15508;65;306;37.48
15508;649;321;37.48
15508;0;278;37.47
15508;99;304;37.47
15508;583;313;37.48
15592;83;296;37.48
15592;105;311;37.48
15592;581;305;37.47
15592;64;285;37.47
15592;85;304;37.46
15592;454;311;37.46
15592;43;288;37.44
15682;144;316;37.42
15682;496;316;37.41
15682;96;291;37.4
15682;161;319;37.4
15682;511;329;37.4
15682;0;278;37.4
15682;160;320;37.4
15689;659;355;37.39
15765;23;290;37.39
15765;217;339;37.39
15765;720;359;37.39
15765;23;292;37.39
15765;336;354;37.39
15765;811;363;37.41
15765;44;290;37.42
15765;342;352;37.43
15856;723;341;37.44
15858;0;288;37.44
15858;433;361;37.44
15858;685;314;37.43
15858;16;293;37.42
15858;420;347;37.41
15858;576;282;37.4
15858;45;302;37.39
15941;378;329;37.39
15941;432;261;37.38
15943;150;317;37.37
15943;303;321;37.37
15943;223;256;37.37
15943;106;314;37.36
15943;215;320;37.35
16017;155;270;37.35
16017;111;321;37.33
16019;395;336;37.33
16019;336;303;37.33
16021;194;311;37.33
16021;560;372;37.34
16023;454;341;37.35
16102;87;294;37.37
16105;496;356;37.38
16105;624;350;37.4
16105;71;292;37.4
16107;381;314;37.41
16107;601;340;37.41
16107;97;291;37.4
16109;411;322;37.39
16186;471;303;37.38
16186;27;279;37.36
16188;255;304;37.34
16188;275;270;37.32
16190;101;293;37.3
16190;240;297;37.28
16190;206;265;37.27
16194;43;287;37.25
16271;318;310;37.23
16271;173;272;37.22
16271;22;294;37.2
16271;197;304;37.18
16275;272;300;37.16
16275;24;293;37.15
16277;278;306;37.15
16352;378;322;37.14
16352;66;294;37.14
16355;377;330;37.14
16355;357;320;37.14
16357;42;287;37.13
16357;286;331;37.13
16359;330;315;37.13
16359;64;292;37.13
16443;257;305;37.12
16443;353;320;37.13
16443;3;281;37.13
16443;336;324;37.13
16443;242;298;37.13
16443;41;288;37.13
16443;275;313;37.12
16443;280;304;37.12
16525;42;291;37.11
16525;240;301;37.11
16525;367;319;37.11
16525;19;294;37.11
16525;387;328;37.1
16525;315;306;37.1
16525;28;289;37.1
16602;276;315;37.1
16602;368;315;37.1
16604;71;293;37.09
16604;301;305;37.08
16606;339;315;37.07
16608;19;279;37.06
16608;305;322;37.06
16683;298;298;37.07
16683;4;283;37.08
16683;201;313;37.09
16683;277;304;37.1
16683;41;291;37.1
16683;263;312;37.1
16683;379;319;37.11
16766;49;294;37.12
16766;262;314;37.13
16766;355;307;37.14
16766;106;292;37.15
16766;311;320;37.15
16766;373;310;37.15
16766;80;294;37.15
16772;256;313;37.15
16849;320;309;37.14
16849;67;295;37.14
16849;315;323;37.13
16849;258;302;37.12
16849;33;284;37.12
16849;270;317;37.11
16849;352;304;37.11
16931;48;295;37.11
16931;317;323;37.1
16934;256;297;37.09
16934;50;297;37.08
16934;353;335;37.07
16936;208;291;37.06
16936;124;304;37.06
17014;321;319;37.06
17014;256;301;37.07
17014;156;314;37.08
17014;272;310;37.09
17014;175;300;37.1
17014;109;310;37.11
17014;323;320;37.12
17014;192;292;37.13
17095;149;309;37.14
17095;336;309;37.14
17095;244;297;37.14
17095;221;317;37.14
17095;321;311;37.14
17095;153;297;37.13
17095;207;315;37.13
17177;382;320;37.12
17177;139;283;37.12
17177;305;311;37.12
17177;293;336;37.11
17177;98;287;37.11
17177;337;330;37.1
17177;528;369;37.09
17177;107;281;37.09
17266;326;336;37.1
17269;663;383;37.1
17269;33;274;37.1
17271;498;349;37.1
17271;664;368;37.11
17271;76;286;37.11
17274;566;355;37.12
17276;506;329;37.13
17357;21;290;37.14
17357;496;337;37.14
17357;404;297;37.14
17357;176;320;37.14
17357;464;333;37.14
17357;351;274;37.14
17357;313;336;37.13
17441;471;320;37.13
17441;144;254;37.13
17443;235;321;37.13
17443;489;315;37.12
17443;119;259;37.12
17445;297;335;37.12
17445;624;349;37.12
17445;241;305;37.12
17530;341;329;37.12
17530;706;365;37.12
17530;269;327;37.13
17530;294;309;37.13
17530;800;345;37.13
17530;422;345;37.13
17530;224;302;37.13
17530;720;332;37.14
17618;607;355;37.15
17618;190;286;37.15
17620;619;316;37.16
17620;371;304;37.15
17620;140;285;37.15
17622;608;300;37.16
17622;239;272;37.16
17624;129;274;37.17
17700;642;309;37.16
17700;128;270;37.16
17700;55;272;37.16
17700;670;329;37.15
17700;174;286;37.15
17700;66;289;37.15
17700;576;304;37.14
17708;325;318;37.13
17787;18;273;37.12
17788;685;326;37.12
17788;383;334;37.12
17788;11;287;37.12
17788;786;349;37.12
17788;355;305;37.13
17793;67;292;37.13
17877;682;322;37.13
17877;344;312;37.13
17877;50;289;37.13
17877;747;326;37.14
17877;278;310;37.15
17877;58;293;37.15
17877;809;344;37.16
17877;325;304;37.17
17966;6;288;37.18
17966;682;320;37.18
17966;373;320;37.18
17966;5;293;37.18
17966;730;324;37.17
17972;378;327;37.17
17972;35;295;37.16
17972;734;336;37.15
17974;282;304;37.15
18065;54;294;37.14
18065;713;322;37.14
18065;357;324;37.14
18065;48;299;37.13
18065;766;323;37.13
18065;255;303;37.13
18065;50;294;37.13
18072;823;336;37.13
18150;303;301;37.13
18150;37;295;37.13
18150;662;309;37.13
18150;363;314;37.14
18150;70;304;37.13
18150;673;315;37.13
18150;305;311;37.13
18158;34;292;37.14
18251;852;350;37.14
18251;311;304;37.14
18251;75;303;37.14
18251;821;336;37.14
18251;381;324;37.14
18251;48;302;37.14
18251;761;339;37.14
18251;322;301;37.14
18251;46;295;37.13
18352;881;352;37.13
18352;311;298;37.13
18354;29;295;37.12
18354;803;346;37.12
18356;298;305;37.13
18356;66;304;37.14
18356;843;337;37.14
18358;208;284;37.15
18358;48;306;37.15
18440;819;336;37.16
18440;195;290;37.17
18440;144;311;37.17
18440;835;336;37.18
18440;215;303;37.18
18440;155;319;37.18
18440;804;325;37.18
18440;185;289;37.18
18530;166;309;37.18
18530;826;330;37.17
18532;169;277;37.17
18532;215;322;37.16
18532;810;328;37.15
18534;235;297;37.15
18534;257;336;37.14
18534;961;347;37.14
18626;128;281;37.14
18626;244;340;37.15
18626;1069;370;37.15
18626;70;272;37.16
18626;368;363;37.15
18626;1213;394;37.15
18626;67;274;37.15
18626;542;378;37.15
18634;1247;377;37.15
18717;7;274;37.15
18717;677;384;37.15
18717;1239;352;37.13
18719;32;290;37.13
18719;624;382;37.12
18719;1143;322;37.13
18719;100;319;37.13
18724;619;365;37.12
18815;851;285;37.12
18817;143;319;37.11
18817;497;337;37.11
18817;671;267;37.11
18817;260;329;37.11
18820;577;368;37.11
18820;624;295;37.11
18820;325;347;37.11
18822;755;384;37.11
18907;691;323;37.11
18907;233;311;37.12
18907;865;391;37.12
18910;859;368;37.12
18910;240;303;37.13
18911;881;368;37.13
18911;1054;383;37.15
18911;199;295;37.16
18989;845;375;37.16
18991;935;337;37.17
18991;224;295;37.17
18991;617;338;37.18
18993;694;286;37.19
18993;126;283;37.2
18994;655;339;37.21
19077;528;274;37.2
19077;115;292;37.2
19077;640;345;37.19
19077;464;280;37.19
19077;41;273;37.19
19077;510;322;37.2
19077;510;309;37.2
19077;55;285;37.2
19165;576;323;37.2
19165;593;341;37.2
19165;139;288;37.19
19165;652;343;37.17
19165;563;327;37.15
19170;19;279;37.14
19170;707;351;37.12
19172;614;320;37.1
19256;13;277;37.08
19258;700;334;37.06
19258;657;326;37.04
19258;111;303;37.02
19260;738;344;37.01
19260;476;303;37.01
19260;93;293;37.0
19262;575;336;36.99
19338;537;317;36.98
19338;24;289;37.0
19338;570;322;37.02
19338;580;336;37.06
19338;19;287;37.1
19344;579;336;37.15
19344;466;314;37.19
19345;21;286;37.22
19429;526;336;37.23
19429;454;304;37.23
19429;81;291;37.21
19429;433;310;37.18
19429;400;303;37.17
19429;63;288;37.14
19429;453;317;37.1
19429;366;307;37.06
19511;99;304;37.03
19511;393;317;37.01
19511;326;304;36.99
19511;46;294;36.95
19511;261;304;36.92
19511;376;314;36.88
19511;46;290;36.85
19599;441;327;36.79
19599;341;309;36.73
19601;8;286;36.66
19601;438;334;36.61
19601;478;322;36.56
19603;2;286;36.52
19603;355;331;36.45
19603;381;308;36.4
19699;29;298;36.37
19699;244;321;36.37
19699;186;291;36.37
19699;155;303;36.39
19699;300;329;36.42
19699;154;286;36.43
19699;117;302;36.45
19699;423;321;36.46
19706;247;299;36.51
19790;6;291;36.53
19790;336;323;36.57
19790;208;289;36.61
19790;95;301;36.67
19790;459;338;36.73
19790;187;291;36.77
19794;215;311;36.82
19794;361;315;36.86
19871;162;299;36.9
19871;310;325;36.93
19871;287;319;36.96
19871;299;294;36.97
19871;287;323;36.98
19871;304;326;36.99
19877;211;285;37.0
19877;451;324;37.01
19953;483;362;37.03
19953;87;283;37.04
19953;493;336;37.07
19953;694;357;37.1
19953;213;277;37.13
19953;358;329;37.16
19960;542;362;37.19
20044;97;279;37.25
20044;446;345;37.31
20044;633;338;37.34
20046;53;295;37.38
20046;450;336;37.42
20046;400;302;37.46
20048;18;293;37.5
20048;448;321;37.53
20121;384;291;37.56
20121;320;327;37.59
20121;385;315;37.61
20121;150;263;37.63
20121;304;331;37.63
20126;370;342;37.64
20126;69;285;37.66
20189;273;314;37.68
20189;503;334;37.72
20189;233;314;37.77
20189;335;318;37.82
20189;671;347;37.88
20193;431;341;37.93
20260;272;304;37.98
20260;625;336;38.02
20260;409;336;38.06
20260;153;291;38.1
20260;471;306;38.13
20260;272;302;38.16
20342;134;289;38.2
20344;403;287;38.23
20344;76;272;38.26
20344;130;279;38.28
20346;411;303;38.3
20346;48;268;38.33
20346;112;285;38.36
20348;304;285;38.4
20441;54;293;38.44
20441;34;279;38.48
20443;448;303;38.52
20443;309;319;38.55
20443;21;282;38.59
20445;507;326;38.62
20445;192;306;38.65
20445;64;291;38.67
20447;336;321;38.7
20531;229;302;38.73
20531;23;296;38.76
20531;443;306;38.79
20531;239;314;38.81
20531;23;294;38.83
20531;347;304;38.85
20531;161;301;38.87
20531;77;301;38.9
20620;509;320;38.93
20622;150;304;38.96
20622;32;286;38.99
20622;433;298;39.0
20624;206;319;39.01
20624;25;286;39.03
20626;507;316;39.04
20626;178;301;39.05
20717;0;288;39.05
20717;529;313;39.06
20717;171;299;39.05
20719;48;291;39.04
20719;448;288;39.04
20719;246;310;39.04
20721;22;294;39.04
20721;549;307;39.05
20798;135;290;39.07
20798;19;296;39.08
20798;486;316;39.08
20798;235;299;39.07
20798;12;287;39.06
20803;463;311;39.04
20803;256;314;39.02
20806;12;290;39.02
20887;525;320;39.02
20887;176;304;39.03
20887;0;294;39.04
20887;548;326;39.05
20887;141;301;39.05
20887;3;295;39.05
20893;450;310;39.05
20893;217;306;39.04
20980;6;295;39.02
20980;576;320;39.01
20980;149;294;39.0
20980;19;299;39.01
20980;623;330;39.02
20980;132;278;39.05
20980;16;300;39.08
20980;626;320;39.12
21073;79;291;39.13
21073;79;304;39.13
21073;553;309;39.13
21073;147;299;39.12
21073;32;295;39.11
21073;537;321;39.11
21073;83;288;39.12
21073;102;306;39.12
21157;528;314;39.13
21157;112;300;39.14
21157;112;310;39.16
21157;471;310;39.17
21157;49;279;39.19
21157;61;306;39.19
21157;607;330;39.2
21157;50;282;39.2
21241;163;323;39.2
21241;596;352;39.2
21243;12;288;39.22
21243;144;322;39.25
21243;832;362;39.27
21245;0;279;39.29
21245;275;347;39.3
21330;890;349;39.29
21332;30;287;39.27
21332;399;357;39.25
21332;722;329;39.24
21332;2;293;39.22
21332;464;349;39.21
21332;497;287;39.22
21332;17;304;39.23
21337;331;326;39.26
21422;319;250;39.28
21422;173;325;39.31
21424;277;320;39.31
21424;239;259;39.31
21424;128;319;39.33
21426;353;350;39.35
21426;323;299;39.38
21426;195;320;39.42
21513;425;364;39.46
21513;404;330;39.5
21513;122;299;39.57
21513;531;354;39.59
21513;599;356;39.58
21513;128;301;39.57
21513;546;342;39.57
21513;526;320;39.57
21603;52;285;39.57
21603;389;318;39.59
21605;341;275;39.59
21605;67;286;39.58
21607;310;303;39.55
21607;193;268;39.51
21607;4;288;39.47
21609;533;317;39.45
21693;223;263;39.43
21693;55;298;39.41
21695;777;352;39.4
21695;801;321;39.4
21695;41;276;39.39
21697;766;359;39.37
21697;868;342;39.35
21697;60;293;39.34
21764;870;364;39.35
21764;915;337;39.66
21764;6;278;39.65
21764;967;380;39.5
21764;848;320;39.45
21764;0;272;39.48
21831;849;349;39.44
21831;803;319;39.42
21831;48;290;39.34
21831;944;356;39.2
21831;712;323;39.05
21831;34;294;39.05
21837;932;365;38.99
21923;816;322;38.99
21923;13;290;38.93
21923;831;346;38.86
21925;755;334;39.03
21925;83;302;39.0
21925;966;356;38.88
21927;731;324;38.8
21927;11;294;38.81
22006;912;354;38.92
22006;711;312;38.99
22006;31;297;38.93
22008;889;347;38.8
22008;746;320;39.56
22010;71;305;40.89
22010;869;350;40.5
22086;666;320;40.21
22086;43;299;40.17
22086;923;374;40.19
22086;659;314;40.2
22086;105;305;40.13
22086;875;358;40.03
22093;631;315;39.87
22093;201;308;39.74
22179;880;349;39.72
22179;645;317;39.77
22179;174;304;39.83
22179;988;368;39.88
22179;653;307;39.88
22179;298;316;39.84
22179;960;357;39.8
22179;576;307;39.78
22270;253;315;39.78
22270;1042;368;39.78
22270;582;301;39.78
22270;251;315;39.73
22270;1095;366;39.69
22270;511;295;39.67
22276;365;335;39.66
22276;944;358;39.66
22361;537;309;39.67
22361;288;322;39.7
22363;1039;353;39.73
22363;566;314;39.75
22363;363;326;39.78
22365;978;342;39.82
22365;465;293;39.77
22365;370;327;39.74
22444;870;345;39.74
22444;534;304;39.76
22444;405;336;39.76
22444;935;357;39.77
22444;442;289;39.76
22444;659;355;39.75
22444;1134;389;39.75
22452;314;275;39.78
22538;762;375;39.87
22538;1360;414;39.99
22540;349;285;40.0
22540;843;377;40.01
22540;1166;389;40.04
22540;175;273;40.08
22540;805;365;40.12
22543;1181;359;40.14
22628;304;286;40.16
22630;833;356;40.22
22630;1075;330;40.3
22630;306;304;40.39
22630;816;355;40.47
22630;926;296;40.53
22630;256;303;40.62
22634;774;329;40.73
22717;655;256;40.8
22719;304;302;40.83
22719;753;347;40.85
22721;710;304;40.93
22721;426;320;41.05
22721;955;397;41.11
22724;848;349;41.16
22724;315;299;41.18
22798;1104;384;41.24
22798;941;362;41.34
22798;260;284;41.38
22803;947;330;41.35
22803;1019;338;41.33
22805;256;274;41.31
22805;981;336;41.35
22806;825;293;41.39
22882;282;276;41.43
22882;875;324;41.47
22882;511;268;41.46
22882;105;259;41.43
22882;882;311;41.43
22882;603;280;41.43
22887;115;257;41.4
22963;886;329;41.42
22963;641;304;41.42
22963;47;258;41.44
22963;1009;352;41.46
22963;622;320;41.46
22969;42;285;41.44
22971;939;343;41.43
22971;766;336;41.46
23047;23;267;41.46
23047;1077;361;41.5
23047;687;333;41.6
23047;62;283;41.67
23047;1063;358;41.7
23054;539;308;41.7
23055;6;273;41.7
23131;1015;336;41.7
23131;624;323;41.72
23131;48;290;41.73
23131;997;336;41.72
23136;675;328;41.7
23136;34;287;41.7
23136;1104;359;41.69
23139;645;323;41.72
23215;6;288;41.77
23215;1090;352;41.75
23215;727;325;41.75
23220;16;289;41.79
23220;1094;353;41.76
23223;660;328;41.71
23223;0;282;41.68
23315;1040;351;41.66
23315;487;305;41.64
23315;0;282;41.65
23315;1015;336;41.62
23315;626;326;41.59
23320;16;292;41.58
23320;1063;347;41.54
23321;496;320;41.49
23321;128;304;41.42
23413;995;350;41.35
23413;458;314;41.28
23413;0;293;41.21
23413;928;333;41.15
23413;448;320;41.15
23413;37;295;41.15
23413;919;335;41.13
23413;465;315;41.12
23419;45;293;41.11
23489;956;349;41.09
23489;373;295;41.06
23489;64;295;41.03
23491;1060;349;41.01
23491;377;300;40.98
23493;171;310;41.01
23493;1042;345;41.05
23561;314;280;41.1
23561;163;313;41.08
23561;1057;346;40.99
23561;352;285;40.87
23561;234;304;40.79
23561;816;329;40.82
23644;173;289;40.85
23644;177;309;40.84
23644;829;321;40.83
23644;194;286;40.79
23644;130;304;40.7
23644;736;321;40.63
23644;131;277;40.57
23644;157;311;40.54
23736;800;333;40.53
23739;81;284;40.52
23739;317;336;40.49
23739;814;347;40.44
23739;43;272;40.37
23742;379;340;40.32
23742;943;353;40.29
23742;47;263;40.28
23833;423;337;40.24
23833;986;353;40.19
23836;6;272;40.12
23836;444;343;40.04
23836;916;337;39.99
23836;0;271;39.97
23836;370;324;39.93
23836;817;313;39.88
23836;16;275;39.83
23928;384;316;39.79
23928;691;292;39.72
23930;48;285;39.64
23930;393;319;39.58
23930;525;273;39.54
23930;4;290;39.5
23932;322;320;39.46
23932;523;291;39.43
24015;48;292;39.39
24015;470;338;39.35
24017;528;309;39.3
24017;67;285;39.25
24019;650;354;39.23
24019;747;339;39.23
24021;62;288;39.25
24021;576;335;39.25
24109;705;324;39.19
24109;64;285;39.14
24109;471;320;39.11
24109;640;301;39.09
24109;33;278;39.07
24109;464;307;39.06
24109;546;287;39.05
24109;0;273;39.04
24191;477;315;39.03
24193;381;274;39.01
24193;0;279;38.98
24193;396;304;38.92
24195;446;297;38.85
24195;27;285;38.77
24195;511;321;38.67
24197;474;313;38.58
24282;0;277;38.5
24282;463;325;38.42
24282;432;308;38.37
24282;37;281;38.35
24282;460;318;38.33
24286;464;304;38.29
24286;80;291;38.28
24288;548;329;38.28
24371;350;301;38.29
24371;73;291;38.31
24371;507;323;38.27
24371;363;291;38.24
24371;31;276;38.27
24371;433;311;38.36
24377;395;304;38.47
24377;129;288;38.54
24470;493;315;38.52
24470;414;306;38.45
24472;91;290;38.45
24472;496;327;38.54
24472;369;299;38.68
24474;123;294;38.84
24474;432;309;38.99
24474;385;304;39.09
24476;127;294;39.14
24560;465;307;39.18
24560;142;286;39.24
24560;126;291;39.31
24562;336;307;39.38
24562;61;272;39.46
24562;203;300;39.57
24564;288;298;39.7
24564;272;298;39.82
24652;113;302;39.93
24652;503;314;40.01
24652;286;291;40.07
24655;157;295;40.12
24655;544;323;40.21
24655;325;291;40.31
24657;130;293;40.42
24657;450;314;40.51
24749;326;294;40.6
24749;194;300;40.67
24751;449;323;40.69
24751;259;295;40.68
24751;127;294;40.67
24751;494;331;40.69
24751;305;291;40.73
24756;172;304;40.77
24756;448;318;40.79
24837;240;314;40.79
24837;195;303;40.77
24837;467;316;40.7
24837;221;279;40.64
24837;161;302;40.59
24837;357;310;40.56
24837;265;284;40.52
24837;234;306;40.47
24905;434;308;40.38
24905;339;301;40.25
24907;268;305;40.13
24907;295;300;40.01
24907;0;273;39.89
24909;208;302;39.81
24962;190;297;39.73
24964;0;272;39.68
24964;304;304;39.59
24964;345;317;39.46
24966;166;278;39.29
25044;342;326;39.13
25044;563;336;39.0
25044;111;270;38.89
25044;485;336;38.8
25044;771;349;38.72
25044;46;266;38.6
25044;510;339;38.45
25129;775;342;38.28
25129;30;272;38.11
25129;580;336;37.94
25129;700;318;37.77
25129;117;282;37.63
25136;560;321;37.52
25136;511;286;37.45
25136;135;286;37.4
25222;528;314;37.32
25222;362;271;37.21
25222;166;295;37.11
25222;440;315;36.98
25222;209;278;36.83
25222;112;298;36.76
25222;425;322;36.66
25227;192;281;36.49
25317;112;285;36.31
25317;558;335;36.12
25317;193;301;35.99
25322;16;273;35.82
25322;576;325;35.63
25322;502;322;35.41
25322;105;278;35.25
25322;260;282;35.06
25325;329;299;34.74
25409;16;272;34.31
25409;496;295;33.89
25409;52;267;33.54
25409;22;269;33.27
25409;320;294;33.05
25409;195;268;32.89
25409;31;269;32.69
25409;386;303;32.38
25496;103;269;31.98
25496;27;266;31.61
25496;338;293;31.3
25496;153;283;31.06
25496;0;272;30.91
25496;304;304;30.8
25502;110;291;30.71
25503;31;283;30.63
25581;385;317;30.55
25581;272;292;30.46
25581;0;281;30.52
25583;399;301;30.64
25585;176;297;30.85
25585;41;274;31.1
25587;433;300;31.35
25589;62;272;31.59
25654;186;304;31.8
25654;320;300;32.01
25654;227;289;32.23
25658;0;277;32.51
25658;409;298;32.85
25658;243;304;33.26
25737;0;285;33.66
25737;416;304;33.94
25737;142;289;34.16
25741;0;273;34.45
25741;458;304;34.78
25741;183;286;35.1
25743;0;273;35.45
25744;459;294;35.75
25822;145;284;35.95
25822;0;273;36.05
25822;450;297;36.18
25822;102;275;36.37
25822;0;272;36.53
25822;491;311;36.65
25822;179;283;36.71
25909;41;278;36.73
25909;336;290;36.74
25909;209;288;36.77
25909;0;273;36.84
25909;448;301;36.92
25909;112;280;37.0
25909;0;272;37.06
25909;507;309;37.12
25997;110;277;37.09
25997;58;282;37.02
25999;432;300;36.96
25999;147;291;36.92
25999;9;273;36.89
26001;509;315;36.84
26003;62;274;36.78
26004;0;272;36.7
26080;579;311;36.6
26080;31;270;36.51
26085;65;297;36.47
26085;509;304;36.49
26087;0;272;36.55
26087;39;287;36.61
26089;427;302;36.66
26089;25;272;36.7
26168;0;278;36.66
26170;479;307;36.63
26170;31;277;36.69
26170;101;293;36.83
26170;425;300;37.0
26170;85;282;37.18
26170;48;291;37.31
26253;326;298;37.35
26253;42;275;37.41
26255;90;299;37.53
26255;448;304;37.68
26255;80;279;37.85
26257;158;310;38.06
26257;447;320;38.25
26257;45;273;38.39
26336;286;325;38.46
26338;555;327;38.47
26338;0;267;38.5
26338;192;318;38.58
26338;603;321;38.67
26338;0;277;38.75
26341;401;334;38.81
26418;560;310;38.83
26418;0;272;38.81
26418;366;320;38.79
26418;449;282;38.83
26418;0;275;38.85
26418;256;302;38.88
26425;341;266;38.91
26425;22;285;38.9
26512;242;304;38.85
26512;222;262;38.78
26512;55;293;38.74
26512;258;310;38.77
26512;176;269;38.82
26512;23;297;38.85
26512;289;313;38.84
26512;311;289;38.79
26598;137;300;38.7
26601;443;334;38.61
26601;507;330;38.57
26603;45;291;38.61
26603;415;326;38.65
26603;464;315;38.71
26603;66;285;38.73
26606;320;294;38.71
26687;391;297;38.66
26690;26;272;38.63
26690;311;291;38.62
26690;271;271;38.66
26692;38;272;38.72
26692;318;298;38.8
26692;214;262;38.84
26694;11;281;38.87
26759;225;295;38.87
26759;240;274;38.84
26759;64;272;38.83
26759;274;303;38.86
26759;217;294;38.9
26759;0;274;38.97
26843;327;314;39.03
26843;202;288;39.04
26843;34;279;39.02
26843;273;307;38.99
26843;304;300;38.93
26849;64;284;38.87
26849;399;310;38.9
26852;275;297;38.99
26955;0;283;38.98
26955;373;314;39.0
26955;240;284;39.01
26955;16;279;38.96
26955;288;302;38.89
26955;396;307;38.83
26955;3;289;38.83
26955;269;299;38.85
26955;267;306;38.84
26962;25;287;38.81
27038;374;311;38.8
27038;266;303;38.79
27038;11;282;38.8
27038;256;303;38.8
27038;302;302;38.78
27038;16;277;38.77
27038;294;300;38.75
27121;253;299;38.74
27121;14;281;38.72
27121;293;307;38.71
27121;257;291;38.69
27121;0;276;38.67
27121;258;302;38.65
27126;241;290;38.66
27126;97;289;38.68
27202;334;305;38.66
27202;262;290;38.66
27202;6;278;38.66
27202;373;317;38.66
27202;253;289;38.65
27202;54;286;38.63
27202;274;304;38.62
27293;259;298;38.61
27293;34;285;38.59
27293;189;298;38.56
27293;205;290;38.54
27293;61;287;38.51
27293;270;304;38.52
27293;179;288;38.55
27293;48;287;38.57
27369;357;303;38.57
27369;194;282;38.54
27371;15;284;38.48
27371;279;294;38.41
27371;185;270;38.34
27373;31;279;38.31
27373;308;298;38.29
27442;26;266;38.24
27442;205;292;38.13
27442;144;289;38.02
27442;183;284;37.9
27442;47;279;37.77
27442;294;295;37.66
27442;153;272;37.58
27524;97;290;37.51
27524;335;299;37.4
27524;224;273;37.28
27524;109;272;37.12
27524;182;278;36.96
27524;103;257;36.8
27524;144;269;36.65
27610;146;267;36.53
27610;117;249;36.43
27610;157;272;36.35
27610;413;297;36.25
27610;142;250;36.08
27610;330;281;35.93
27610;466;298;35.81
27610;197;252;35.74
27702;389;277;35.67
27704;240;272;35.61
27704;16;247;35.52
27704;266;269;35.44
27704;289;268;35.36
27704;144;256;35.28
27704;250;269;35.24
27708;269;255;35.22
27776;96;260;35.2
27776;207;256;35.16
27776;179;239;35.1
27778;154;254;35.03
27778;174;246;34.96
27780;244;231;34.91
27780;97;247;34.86
27866;318;258;34.82
27869;162;241;34.79
27869;119;250;34.77
27870;421;281;34.73
27870;333;272;34.68
27870;174;243;34.62
27873;447;260;34.55
27873;306;269;34.49
27949;189;239;34.44
27950;318;241;34.37
27950;407;272;34.31
27950;90;238;34.22
27953;583;269;34.13
27953;244;245;34.05
27953;295;249;33.97
28046;358;253;33.91
28046;225;225;33.83
28046;19;234;33.75
28046;299;241;33.66
28046;124;229;33.57
28046;0;233;33.48
28046;272;251;33.4
28046;166;240;33.34
28054;103;236;33.27
28136;293;259;33.21
28136;162;243;33.13
28138;0;240;33.06
28138;469;271;32.98
28140;94;252;32.92
28140;67;244;32.85
28140;546;282;32.8
28142;128;251;32.77
28233;0;242;32.76
28233;365;275;32.76
28235;159;281;32.77
28237;0;272;32.78
28237;559;301;32.78
28239;80;277;32.77
28239;0;266;32.75
28241;511;304;32.7
28243;137;282;32.65
28328;0;268;32.6
28328;293;289;32.56
28328;91;275;32.53
28328;23;272;32.5
28328;317;282;32.48
28328;0;275;32.45
28328;0;267;32.42
28328;362;287;32.39
28392;0;271;32.36
28394;0;272;32.34
28394;365;293;32.32
28394;0;274;32.3
28396;0;270;32.28
28396;208;272;32.26
28459;0;275;32.22
28461;0;272;32.19
28461;293;284;32.16
28461;0;265;32.13
28463;61;275;32.11
28463;259;284;32.09
28509;0;272;32.06
28509;0;271;32.04
28509;305;284;31.99
28509;0;272;31.94
28560;64;275;31.9
28560;319;287;31.87
28560;0;271;31.85
28560;0;272;31.85
28560;276;277;31.84
28659;0;251;31.84
28659;47;260;31.83
28659;319;259;31.81
28659;0;253;31.8
28659;0;253;31.79
28659;333;266;31.79
28659;0;250;31.78
28659;39;258;31.77
28667;256;256;31.77
28750;0;251;31.76
28750;0;247;31.74
28750;227;243;31.75
28750;0;240;31.78
28750;78;261;31.83
28750;235;244;31.89
28750;0;236;31.91
28750;70;255;31.89
28836;419;249;31.91
28836;0;243;31.97
28836;0;247;32.02
28836;176;235;32.07
28836;0;238;32.08
28836;0;251;32.09
28841;261;240;32.1
28841;36;249;32.11
28920;111;262;32.14
28920;292;256;32.18
28922;0;243;32.22
28922;38;253;32.25
28922;439;272;32.27
28924;0;238;32.25
28924;0;243;32.24
28993;250;241;32.25
28993;71;244;32.28
28993;126;263;32.32
28993;374;247;32.36
28995;4;235;32.4
28995;188;257;32.44
28995;258;236;32.47
29060;0;233;32.48
29060;140;253;32.48
29060;194;222;32.48
29060;64;233;32.46
29060;22;245;32.62
29060;272;222;32.71
29152;0;233;32.73
29154;147;272;32.75
29154;112;242;32.76
29154;0;285;32.78
29156;240;312;32.79
29156;327;293;32.82
29156;0;276;32.87
29158;189;307;32.9
29233;321;313;32.92
29233;9;281;32.92
29233;248;310;32.92
29233;356;318;32.93
29233;0;283;32.95
29233;182;300;32.99
29233;368;300;33.05
29240;10;285;33.11
29316;95;276;33.13
29319;220;272;33.14
29320;0;273;33.14
29320;146;285;33.14
29320;233;274;33.15
29322;28;293;33.16
29322;173;293;33.19
29405;190;273;33.21
29405;0;288;33.24
29405;298;297;33.25
29405;149;291;33.26
29405;109;303;33.27
29405;256;299;33.28
29405;389;310;33.29
29405;22;289;33.31
29493;272;314;33.33
29493;306;301;33.34
29493;0;277;33.34
29495;222;306;33.34
29495;245;301;33.34
29495;50;293;33.35
29497;198;303;33.35
29497;111;277;33.34
29590;0;283;33.34
29590;294;309;33.32
29590;237;294;33.36
29590;2;284;33.4
29590;208;297;33.4
29590;112;285;33.41
29590;30;294;33.41
29590;165;291;33.42
29590;133;290;33.42
29678;8;277;33.4
29680;299;311;33.38
29680;197;296;33.36
29680;0;272;33.35
29680;208;298;33.36
29680;406;303;33.36
29680;157;290;33.37
29680;254;293;33.38
29753;263;290;33.38
29753;81;291;33.38
29753;208;299;33.37
29753;303;288;33.36
29753;43;287;33.34
29753;187;299;33.31
29837;223;287;33.28
29839;82;292;33.24
29839;189;294;33.2
29841;359;306;33.16
29842;23;287;33.14
29842;282;303;33.1
29842;269;293;33.06
29842;35;282;33.02
29927;275;304;32.97
29927;240;292;32.9
29927;128;297;32.82
29929;263;299;32.74
29929;272;288;32.69
29929;16;278;32.66
29931;399;315;32.62
29931;238;289;32.57
30010;69;288;32.53
30010;335;309;32.51
30010;199;285;32.48
30010;81;294;32.45
30010;253;290;32.42
30010;238;288;32.4
30015;97;295;32.38
30107;292;303;32.35
30107;155;283;32.33
30107;113;293;32.31
30107;283;303;32.3
30107;133;277;32.27
30107;215;303;32.24
30107;198;293;32.21
30107;175;282;32.19
30107;201;295;32.17
30198;231;290;32.16
30198;174;279;32.15
30198;143;299;32.14
30198;246;302;32.12
30198;139;281;32.07
30198;246;320;32.05
30198;322;319;32.1
30198;17;270;32.09
30281;290;310;32.11
30283;492;333;32.18
30283;65;262;32.23
30285;442;316;32.32
30285;355;314;32.47
30287;144;279;32.5
30287;378;311;32.47
30287;340;290;32.54
30375;98;280;32.66
30375;338;304;32.81
30377;222;270;32.93
30377;121;287;33.03
30377;383;299;33.16
30379;95;266;33.25
30379;4;287;33.34
30379;281;301;33.41
30459;39;258;33.49
30459;87;291;33.58
30459;210;297;33.68
30459;80;272;33.8
30459;102;298;33.93
30459;465;325;34.04
30466;157;298;34.12
30468;10;281;34.21
30542;493;318;34.29
30542;178;314;34.36
30544;16;275;34.45
30544;499;305;34.55
30544;343;317;34.65
30546;13;274;34.73
30546;306;285;34.81
30625;84;277;34.89
30625;59;278;34.94
30625;304;296;34.99
30625;25;263;35.06
30625;19;270;35.06
30625;227;272;35.17
30625;48;233;35.2
30625;0;242;35.2
30720;272;244;35.21
30722;13;247;35.23
30722;0;243;35.26
30722;219;252;35.28
30722;70;250;35.3
30722;0;240;35.29
30722;378;272;35.28
30722;10;244;35.3
30814;0;240;35.34
30814;351;254;35.39
30816;48;249;35.42
30818;45;241;35.43
30819;366;256;35.4
30819;0;239;35.34
30820;0;231;35.3
30820;277;245;35.26
30820;0;240;35.25
30903;0;255;35.26
30903;259;240;35.26
30903;0;240;35.26
30903;0;233;35.25
30903;393;246;35.23
30903;0;239;35.2
30903;0;238;35.16
30903;382;258;35.14
30995;60;240;35.13
30995;3;235;35.12
30995;431;244;35.1
30997;191;246;35.07
30997;2;231;35.04
30997;511;249;35.0
30997;37;234;34.96
30997;0;234;34.94
31085;202;240;34.91
31085;125;237;34.87
31085;0;240;34.81
31085;407;247;34.73
31085;117;240;34.64
31085;0;240;34.56
31085;463;267;34.48
31085;60;243;34.42
31142;0;240;34.4
31142;378;254;34.38
31142;17;235;34.36
31142;0;231;34.3
31142;288;239;34.23
31201;43;237;34.15
31201;0;232;34.09
31203;319;241;34.03
31203;0;231;33.96
31203;0;240;33.89
31283;273;247;33.85
31283;92;236;33.81
31283;22;238;33.78
31283;317;237;33.74
31283;0;233;33.7
31283;64;250;33.65
31289;421;242;33.59
31289;0;238;33.53
31374;82;245;33.47
31374;295;239;33.42
31376;0;238;33.38
31376;0;239;33.34
31376;219;229;33.28
31378;0;234;33.2
31378;0;234;33.09
31378;241;236;32.97
31462;0;236;32.86
31465;0;240;32.75
31465;245;245;32.63
31467;0;240;32.5
31467;215;272;32.37
31469;345;252;32.24
31469;0;238;32.1
31470;15;255;31.98
31552;291;254;31.89
31554;26;250;31.81
31554;229;283;31.74
31554;434;272;31.67
31554;88;280;31.61
31554;150;304;31.54
31554;398;304;31.45
31554;15;284;31.37
31651;33;297;31.29
31651;359;295;31.23
31651;45;289;31.18
31651;191;304;31.13
31651;127;271;31.09
31651;0;272;31.06
31651;86;300;31.02
31651;63;258;30.97
31651;23;267;30.91
31737;49;287;30.86
31737;47;247;30.83
31737;0;270;30.82
31737;154;289;30.8
31737;113;263;30.77
31737;0;240;30.7
31737;187;276;30.69
31819;137;246;30.73
31819;16;256;30.72
31819;158;289;30.68
31819;131;283;30.64
31819;29;287;30.58
31823;93;292;30.54
31823;188;298;30.52
31823;0;277;30.51
31884;48;296;30.47
31884;139;283;30.45
31884;52;299;30.43
31884;123;283;30.41
31884;32;272;30.39
31889;16;285;30.36
31959;0;284;30.32
31959;34;272;30.29
31959;47;287;30.27
31959;0;293;30.26
31959;80;284;30.26
31959;219;313;30.27
31966;101;306;30.27
32044;116;284;30.27
32044;107;286;30.27
32046;25;291;30.25
32046;78;282;30.24
32046;48;282;30.24
32048;49;278;30.23
32048;80;278;30.21
32134;71;286;30.19
32134;78;286;30.18
32134;5;274;30.17
32134;48;272;30.14
32134;82;243;30.11
32134;119;221;30.04
32138;47;221;30.14
32138;83;226;30.23
32229;96;220;30.19
32229;52;221;30.13
32229;118;238;30.11
32229;27;216;30.14
32229;25;228;30.21
32229;95;247;30.25
32229;96;221;30.26
32229;125;225;30.26
32229;68;243;30.27
32320;23;215;30.27
32320;55;221;30.27
32320;23;247;30.25
32320;75;224;30.22
32320;64;228;30.21
32320;37;240;30.21
32320;68;223;30.22
32320;39;235;30.23
32402;111;249;30.24
32402;78;234;30.23
32402;81;234;30.23
32402;91;258;30.23
32402;85;242;30.23
32402;9;258;30.23
32402;23;279;30.23
32475;71;278;30.22
32475;98;281;30.24
32475;29;282;30.25
32477;62;277;30.27
32477;34;281;30.29
32477;55;293;30.31
32479;7;275;30.33
32556;87;285;30.35
32556;39;281;30.37
32556;128;289;30.38
32556;75;292;30.39
32556;0;278;30.41
32556;48;284;30.41
32556;65;295;30.41
32656;35;287;30.42
32656;0;275;30.44
32658;223;304;30.46
32658;48;286;30.48
32658;98;292;30.49
32660;128;294;30.49
32660;10;286;30.48
32660;16;278;30.48
32662;30;284;30.48
32738;0;285;30.48
32740;37;285;30.47
32740;94;289;30.47
32740;0;287;30.46
32740;35;287;30.44
32740;93;292;30.46
32740;0;304;30.49
32817;0;282;30.51
32817;149;297;30.51
32817;47;304;30.5
32817;0;278;30.49
32817;115;302;30.5
32817;18;300;30.54
32817;0;282;30.56
32817;176;307;30.59
32917;159;306;30.59
32917;0;286;30.57
32917;276;306;30.55
32917;25;282;30.55
32917;0;288;30.58
32917;144;294;30.61
32917;17;304;30.63
32917;0;294;30.64
32917;183;293;30.63
33006;0;281;30.61
33006;70;301;30.6
33006;283;317;30.61
33006;0;281;30.62
33006;123;302;30.64
33006;314;309;30.65
33006;0;294;30.66
33006;0;286;30.65
33105;326;309;30.64
33105;3;285;30.63
33105;28;287;30.62
33105;237;297;30.62
33105;0;289;30.62
33105;59;285;30.62
33105;254;285;30.62
33105;0;293;30.61
33105;27;281;30.59
33188;336;287;30.59
33188;49;303;30.6
33188;0;276;30.61
33188;81;288;30.61
33188;0;280;30.59
33188;0;273;30.61
33188;368;295;30.63
33267;0;282;30.65
33267;0;283;30.67
33267;153;290;30.68
33267;0;278;30.67
33267;0;287;30.65
33267;342;304;30.63
33267;16;290;30.62
33350;0;283;30.62
33350;335;307;30.62
33350;0;279;30.62
33350;1;287;30.64
33350;176;293;30.65
33350;0;277;30.66
33350;0;282;30.65
33417;240;294;30.64
33419;0;281;30.63
33419;0;289;30.62
33419;50;284;30.6
33419;12;290;30.59
33421;0;287;30.59
33483;144;288;30.6
33485;0;288;30.61
33485;0;286;30.62
33485;133;292;30.64
33485;16;293;30.66
33485;0;288;30.7
33565;208;296;30.74
33565;0;285;30.77
33567;0;285;30.79
33567;177;285;30.79
33567;0;289;30.8
33567;0;288;30.83
33567;191;291;30.87
33570;0;288;30.92
33653;0;285;30.96
33653;149;298;31.02
33653;0;288;31.08
33653;0;281;31.13
33653;219;293;31.17
33653;0;287;31.19
33653;0;293;31.21
33653;272;300;31.23
33744;0;289;31.24
33744;0;288;31.27
33744;170;297;31.31
33744;0;285;31.35
33747;0;286;31.39
33747;197;301;31.42
33747;0;288;31.44
33749;0;289;31.45
33834;176;295;31.44
33836;57;294;31.41
33836;26;290;31.39
33836;217;295;31.4
33836;30;290;31.43
33836;0;287;31.48
33836;139;288;31.54
33840;0;282;31.58
33938;0;291;31.61
33938;336;292;31.63
33940;0;285;31.64
33940;48;291;31.67
33942;234;291;31.7
33942;0;281;31.73
33944;40;296;31.74
33945;221;304;31.75
33945;0;283;31.78
33947;71;304;31.81
34025;234;304;31.84
34025;128;306;31.86
34027;10;297;31.88
34027;327;320;31.91
34027;32;295;31.95
34027;176;318;31.99
34027;124;291;32.02
34080;38;293;32.05
34080;133;310;32.07
34082;149;274;32.07
34082;40;274;32.06
34084;94;300;32.07
34167;111;263;32.09
34167;46;279;32.15
34167;25;293;32.2
34167;0;265;32.22
34167;53;271;32.24
34167;11;303;32.27
34167;0;277;32.31
34167;0;287;32.32
34260;239;315;32.36
34260;266;310;32.41
34260;0;283;32.43
34262;283;317;32.48
34262;181;304;32.54
34262;16;284;32.57
34264;160;293;32.63
34264;194;289;32.68
34348;0;287;32.73
34350;220;301;32.75
34352;250;279;32.78
34352;0;282;32.81
34352;179;294;32.84
34352;227;276;32.9
34352;5;288;32.97
34355;147;288;33.05
34445;212;298;33.1
34445;23;293;33.12
34445;125;302;33.12
34445;235;297;33.11
34445;133;305;33.11
34445;82;290;33.13
34445;192;300;33.19
34445;14;291;33.22
34453;112;295;33.25
34534;178;291;33.23
34534;80;293;33.17
34534;231;304;33.11
34534;48;277;33.09
34534;0;282;33.11
34534;167;293;33.16
34534;160;290;33.19
34534;7;287;33.2
34624;86;300;33.2
34624;174;300;33.18
34624;55;287;33.18
34624;162;291;33.2
34624;134;294;33.23
34624;42;288;33.26
34624;176;297;33.3
34631;86;288;33.32
34718;49;289;33.32
34718;219;294;33.29
34720;243;294;33.27
34720;46;290;33.27
34720;1765;403;33.29
34722;1645;357;33.31
34722;69;263;33.31
34722;1619;388;33.29
34790;1621;358;33.25
34790;94;298;33.21
34790;1746;391;33.18
34790;1650;366;33.17
34790;33;288;33.17
34790;1725;400;33.16
34790;1518;346;33.15
34867;65;293;33.14
34869;1750;400;33.13
34869;1488;339;33.11
34869;447;335;33.09
34869;1775;390;33.05
34871;1040;318;33.01
34871;537;336;32.97
34948;1713;383;32.94
34948;783;299;32.88
34950;650;335;32.79
34952;1601;384;32.69
34952;495;287;32.6
34954;854;359;32.49
34954;1454;362;32.39
35023;407;290;32.3
35023;982;363;32.22
35023;1234;347;32.15
35025;144;269;32.09
35025;653;334;32.03
35027;306;290;31.95
35027;0;272;31.86
35095;433;320;31.77
35095;322;321;31.68
35095;16;275;31.62
35095;385;318;31.56
35095;301;324;31.49
35095;46;266;31.42
35104;323;310;31.38
35180;257;310;31.36
35182;0;277;31.33
35184;385;320;31.28
35186;305;305;31.22
35186;0;278;31.14
35187;429;318;31.08
35187;174;277;31.07
35263;0;285;31.09
35263;336;306;31.1
35263;3;263;31.08
35263;31;289;31.03
35263;270;290;30.97
35263;21;265;30.94
35263;21;291;30.92
35338;318;313;30.91
35338;0;274;30.92
35338;79;288;30.92
35338;447;325;30.92
35338;36;294;30.93
35338;31;284;30.94
35338;319;292;30.92
35420;191;301;30.88
35420;19;278;30.82
35420;411;294;30.77
35420;16;284;30.73
35420;0;283;30.72
35420;220;281;30.7
35420;0;272;30.68
35420;6;272;30.64
35494;246;285;30.58
35495;0;272;30.52
35495;20;287;30.48
35497;183;279;30.45
35497;16;282;30.43
35497;0;283;30.42
35572;155;283;30.39
35575;0;272;30.36
35575;0;277;30.33
35575;221;294;30.32
35575;0;277;30.31
35575;37;290;30.31
35575;201;279;30.33
35656;0;271;30.35
35656;0;278;30.39
35658;379;291;30.42
35658;0;277;30.44
35658;0;273;30.42
35658;309;293;30.38
35660;0;281;30.34
35660;0;275;30.32
35739;510;307;30.34
35739;0;275;30.38
35741;0;276;30.43
35741;381;303;30.45
35741;0;273;30.44
35741;0;280;30.41
35743;283;288;30.38
35811;0;281;30.36
35811;0;281;30.35
35813;194;277;30.35
35815;0;274;30.35
35815;0;278;30.34
35817;256;287;30.32
35817;0;274;30.31
35882;0;271;30.31
35882;181;287;30.31
35882;0;273;30.33
35882;103;287;30.34
35882;256;269;30.36
35882;0;267;30.36
35959;10;270;30.37
35959;368;278;30.39
35959;0;258;30.41
35959;0;265;30.43
35959;291;274;30.44
35964;0;273;30.44
35964;37;275;30.44
36040;259;282;30.43
36040;0;268;30.42
36040;25;282;30.43
36040;102;266;30.43
36040;0;272;30.45
36040;0;273;30.46
36040;212;275;30.45
36115;0;272;30.45
36115;9;274;30.43
36115;295;286;30.41
36115;3;275;30.4
36115;139;300;30.39
36121;153;272;30.39
36121;0;272;30.41
36188;59;279;30.44
36188;166;285;30.47
36188;112;293;30.5
36188;195;298;30.51
36188;494;311;30.51
36188;2;282;30.52
36262;99;301;30.54
36262;285;301;30.55
36262;128;294;30.55
36262;135;304;30.55
36262;353;285;30.57
36262;79;279;30.58
36262;95;294;30.58
36336;115;256;30.58
36336;0;268;30.59
36336;176;302;30.61
36336;93;254;30.63
36336;0;270;30.64
36336;118;302;30.64
36336;0;269;30.65
36412;0;277;30.66
36413;155;305;30.67
36413;17;275;30.68
36413;16;274;30.68
36415;255;308;30.68
36415;261;306;30.67
36474;27;278;30.66
36474;181;286;30.62
36474;118;277;30.62
36474;11;285;30.59
36474;90;280;30.57
36474;99;265;30.61
36549;31;286;30.62
36549;128;273;30.63
36549;0;243;30.65
36549;1;283;30.67
36549;167;289;30.69
36549;48;270;30.71
36549;1;274;30.74
36627;50;285;30.76
36631;0;272;30.79
36631;73;289;30.81
36633;122;286;30.82
36633;101;276;30.82
36633;66;279;30.82
36633;112;287;30.81
36705;55;275;30.81
36705;107;291;30.82
36705;129;300;30.84
36705;129;276;30.85
36705;16;273;30.85
36705;43;282;30.85
36705;0;272;30.84
36780;67;275;30.84
36782;62;283;30.85
36782;110;293;30.85
36782;64;282;30.85
36782;139;289;30.85
36782;29;273;30.85
36786;48;275;30.85
36860;0;272;30.86
36864;23;275;30.87
36864;80;273;30.9
36864;0;275;30.93
36866;111;283;30.96
36866;176;287;30.96
36866;94;294;30.96
36942;65;279;30.96
36942;77;277;30.96
36944;80;288;30.97
36944;81;279;30.98
36946;32;275;31.0
36946;0;276;31.02
36946;0;272;31.03
37008;46;272;31.04
37010;1;284;31.03
37010;0;272;31.02
37012;150;275;31.02
37014;32;276;31.02
37014;97;275;31.04
37123;19;282;31.07
37125;64;286;31.1
37125;0;274;31.11
37127;67;286;31.14
37127;156;293;31.14
37129;0;277;31.14
37129;111;286;31.13
37129;109;282;31.13
37129;13;269;31.13
37129;101;272;31.14
37129;59;274;31.14
37249;0;272;31.13
37249;173;289;31.13
37249;0;273;31.13
37251;70;272;31.15
37252;192;287;31.16
37253;99;293;31.18
37253;0;272;31.18
37253;165;298;31.18
37253;149;304;31.16
37253;0;270;31.15
37253;169;297;31.13
37300;139;305;31.11
37302;48;287;31.1
37302;195;295;31.1
37302;70;279;31.11
37356;0;272;31.13
37356;316;298;31.15
37356;111;265;31.17
37357;0;279;31.18
37357;166;278;31.19
37436;0;271;31.2
37436;112;297;31.21
37436;221;287;31.23
37436;0;270;31.23
37440;128;293;31.25
37442;307;305;31.26
37442;0;275;31.28
37442;117;279;31.28
37556;464;304;31.27
37556;140;303;31.26
37556;25;278;31.24
37556;336;295;31.23
37556;55;282;31.22
37564;53;272;31.21
37566;385;277;31.2
37566;18;269;31.19
37566;4;272;31.19
37566;275;277;31.21
37566;21;279;31.25
37683;0;273;31.29
37686;322;299;31.31
37686;0;270;31.31
37689;11;282;31.28
37689;320;291;31.24
37689;53;288;31.19
37689;0;272;31.15
37689;289;289;31.13
37689;130;295;31.14
37696;0;272;31.15
37696;398;313;31.15
37699;58;280;31.13
37780;0;279;31.1
37780;462;316;31.06
37780;54;286;31.07
37780;0;280;31.0
37786;331;298;30.96
37788;42;283;30.92
37788;0;278;30.87
37788;435;309;30.83
37882;195;287;30.8
37882;0;272;30.77
37885;366;308;30.75
37885;131;275;30.73
37885;0;261;30.69
37885;337;286;30.65
37885;48;272;30.62
37885;0;272;30.6
37885;367;295;30.57
37981;42;272;30.54
37983;0;273;30.52
37985;481;303;30.48
37985;66;272;30.43
37985;0;272;30.39
37985;756;307;30.36
37985;215;288;30.33
37985;338;313;30.3
37985;1151;334;30.26
38088;122;273;30.22
38088;336;303;30.19
38088;979;335;30.15
38088;0;274;30.12
38088;208;299;30.09
38088;623;303;30.06
38096;0;273;30.04
38096;176;295;30.0
38098;427;294;29.96
38098;0;272;29.93
38198;117;300;29.91
38200;382;304;29.91
38200;0;272;29.91
38200;68;284;29.9
38203;393;291;29.88
38203;5;273;29.87
38205;0;279;29.87
38205;303;291;29.87
38205;13;275;29.86
38309;0;276;29.84
38313;228;285;29.83
38313;73;286;29.82
38313;0;282;29.82
38313;321;310;29.82
38317;0;281;29.83
38317;101;304;29.85
38317;481;330;29.87
38317;0;277;29.9
38317;111;304;29.91
38317;435;311;29.94
38411;157;293;29.99
38411;131;303;30.06
38416;305;286;30.11
38416;24;274;30.12
38416;263;302;30.14
38416;452;277;30.18
38416;7;272;30.24
38416;79;289;30.32
38416;159;260;30.4
38499;0;282;30.45
38499;102;284;30.46
38499;58;270;30.46
38499;5;277;30.48
38499;291;316;30.54
38499;309;299;30.63
38499;9;277;30.75
38564;251;323;30.85
38564;437;321;30.89
38564;45;292;30.88
38564;225;297;30.89
38564;360;298;30.93
38564;43;285;30.99
38636;369;299;31.05
38636;256;272;31.12
38636;14;273;31.17
38636;208;288;31.21
38636;147;263;31.21
38636;48;294;31.22
38711;197;301;31.25
38711;58;271;31.29
38711;30;286;31.33
38711;192;294;31.36
38711;221;299;31.41
38711;107;283;31.45
38719;431;320;31.47
38803;198;294;31.5
38805;48;298;31.54
38805;272;302;31.59
38805;128;283;31.64
38807;51;287;31.67
38807;169;286;31.69
38807;69;282;31.73
38809;92;282;31.77
38883;215;301;31.82
38883;111;287;31.87
38883;147;293;31.9
38883;351;308;31.92
38883;109;281;31.95
38883;101;291;31.97
38883;355;309;31.99
38883;322;299;32.01
38959;99;287;32.02
38959;387;306;32.03
38959;63;272;32.02
38959;91;286;32.01
38963;254;303;32.03
38963;101;273;32.05
39045;239;304;32.09
39045;300;292;32.12
39045;212;287;32.14
39047;154;291;32.13
39047;326;302;32.11
39047;208;291;32.09
39049;54;286;32.1
39049;378;311;32.14
39117;99;278;32.19
39117;176;298;32.27
39117;371;299;32.32
39117;226;287;32.34
39117;112;298;32.39
39117;558;320;32.46
39123;134;285;32.53
39191;270;310;32.6
39191;348;307;32.67
39191;171;275;32.73
39191;263;305;32.79
39191;336;305;32.85
39196;112;279;32.9
39264;107;287;32.97
39265;330;302;33.04
39265;240;294;33.09
39265;251;304;33.14
39265;336;299;33.17
39265;97;278;33.21
39265;283;305;33.26
39320;241;297;33.31
39320;112;279;33.36
39320;336;315;33.42
39320;327;324;33.48
39320;176;279;33.52
39388;301;320;33.55
39388;465;326;33.59
39390;13;272;33.64
39390;400;327;33.69
39390;400;314;33.73
39392;11;272;33.75
39469;477;329;33.77
39469;426;303;33.8
39469;46;286;33.83
39469;353;308;33.87
39469;260;273;33.91
39469;103;291;33.95
39469;511;311;33.97
39543;198;269;33.96
39545;145;293;33.94
39545;397;320;33.92
39545;180;290;33.91
39548;163;299;33.9
39548;585;336;33.89
39548;147;308;33.88
39619;154;290;33.86
39619;496;320;33.83
39619;431;320;33.8
39619;76;279;33.78
39619;434;304;33.77
39619;147;277;33.78
39619;98;277;33.8
39694;505;304;33.8
39698;137;272;33.79
39698;48;274;33.79
39698;466;310;33.79
39698;79;272;33.81
39698;0;272;33.83
39702;496;307;33.85
39768;273;295;33.85
39768;0;280;33.85
39768;444;308;33.85
39768;140;292;33.87
39768;0;272;33.87
39768;593;333;33.86
39844;133;286;33.83
39845;0;281;33.79
39845;498;312;33.76
39845;161;282;33.73
39848;15;278;33.7
39848;465;309;33.68
39850;182;295;33.65
39922;0;285;33.63
39922;601;311;33.6
39922;80;285;33.59
39922;44;284;33.6
39922;572;313;33.62
39922;147;281;33.63
39922;164;298;33.65
39998;593;311;33.63
39998;224;295;33.63
39998;0;281;33.6
40000;450;304;33.57
40000;128;286;33.54
40000;0;285;33.52
40002;584;319;33.5
40069;195;288;33.49
40069;96;304;33.49
40069;625;320;33.48
40069;235;293;33.46
40069;23;286;33.43
40069;532;309;33.42
40149;79;280;33.42
40149;53;273;33.42
40149;560;313;33.41
40151;112;278;33.37
40151;0;282;33.35
40153;337;301;33.34
40153;31;272;33.35
40225;28;286;33.35
40225;654;299;33.34
40229;115;271;33.35
40229;14;269;33.36
40231;486;279;33.38
40231;22;251;33.38
40233;0;257;33.35
40315;531;282;33.31
40315;35;251;33.27
40315;122;278;33.22
40315;502;277;33.18
40315;112;265;33.14
40315;75;273;33.11
40315;685;307;33.08
40315;33;248;33.05
40398;81;274;33.02
40398;743;309;32.99
40398;0;247;32.97
40400;217;295;32.97
40400;641;304;32.97
40400;0;252;32.96
40400;224;288;32.94
40403;493;269;32.91
40489;0;259;32.89
40489;151;287;32.81
40489;336;255;32.79
40491;0;256;32.79
40491;163;285;32.86
40491;367;258;32.9
40493;0;262;32.9
40493;69;275;32.89
40571;240;247;32.9
40573;13;270;32.88
40573;259;322;32.83
40573;287;290;32.93
40575;48;298;32.98
40575;387;336;32.99
40575;385;315;33.02
40663;6;282;33.08
40665;353;310;33.11
40665;382;281;33.14
40667;0;256;33.14
40668;208;277;33.1
40668;194;235;33.06
40670;14;246;33.15
40670;227;256;33.08
40670;129;218;33.02
40746;0;225;32.99
40748;150;250;33.0
40748;203;231;33.01
40748;23;226;33.01
40748;71;246;32.99
40748;259;242;32.94
40752;0;221;32.89
40830;77;248;32.84
40830;102;224;32.79
40834;3;223;32.75
40834;178;246;32.73
40834;176;231;32.73
40834;31;224;32.71
40834;82;252;32.67
40834;103;211;32.61
40917;9;224;32.54
40917;19;251;32.57
40917;213;245;32.62
40919;29;233;32.63
40919;175;261;32.63
40919;349;248;32.59
40921;48;208;32.53
41005;62;242;32.52
41005;61;211;32.53
41005;0;214;32.55
41007;39;242;32.6
41007;53;215;32.61
41007;0;215;32.61
41009;176;257;32.57
41009;176;225;32.54
41088;19;214;32.51
41088;0;237;32.52
41088;116;219;32.49
41088;0;211;32.49
41088;16;235;32.48
41088;87;214;32.46
41088;0;206;32.41
41095;0;231;32.39
41173;87;208;32.38
41173;65;205;32.4
41175;173;239;32.44
41175;144;217;32.51
41175;0;202;32.59
41177;25;226;32.61
41177;82;202;32.61
41247;39;198;32.59
41247;167;232;32.57
41249;125;207;32.57
41249;0;190;32.56
41249;227;220;32.51
41249;141;184;32.46
41249;176;178;32.41
41330;286;211;32.38
41330;276;179;32.38
41332;191;187;32.42
41332;471;209;32.47
41332;238;177;32.5
41335;267;206;32.5
41335;447;223;32.52
41417;284;192;32.53
41417;290;215;32.53
41417;624;248;32.54
41417;117;194;32.56
41417;389;272;32.6
41417;688;291;32.64
41417;70;222;32.68
41417;389;271;32.71
41500;678;278;32.72
41500;235;251;32.71
41500;445;256;32.71
41500;645;257;32.7
41500;197;245;32.68
41500;435;251;32.65
41500;309;222;32.62
41500;240;240;32.6
41574;348;235;32.58
41576;502;234;32.59
41576;404;210;32.59
41576;496;219;32.57
41578;662;235;32.54
41578;331;197;32.51
41661;487;201;32.45
41661;489;214;32.37
41661;143;178;32.25
41663;466;178;32.12
41663;400;187;31.99
41663;210;179;31.85
41665;419;191;31.71
41665;425;185;31.57
41741;211;172;31.44
41741;441;191;31.32
41741;366;179;31.2
41744;153;172;31.1
41744;367;175;30.99
41746;432;186;30.86
41747;199;170;30.72
41830;527;186;30.6
41832;421;186;30.5
41832;78;163;30.44
41832;598;200;30.42
41832;458;190;30.42
41832;157;172;30.45
41836;587;192;30.48
41836;483;190;30.5
41904;112;166;30.52
41906;575;187;30.53
41906;448;186;30.51
41906;108;160;30.47
41908;798;199;30.43
41908;531;186;30.41
41908;28;155;30.4
41987;847;202;30.4
41987;643;185;30.4
41987;62;159;30.38
41987;775;187;30.34
41987;618;191;30.28
41987;48;155;30.19
41987;807;198;30.1
42066;595;182;30.02
42066;63;151;29.95
42066;985;198;29.88
42066;720;178;29.8
42066;74;149;29.73
42066;1158;205;29.67
42066;658;177;29.62
42066;0;144;29.56
42149;1222;208;29.51
42149;778;183;29.48
42151;0;144;29.47
42151;1344;219;29.47
42153;784;176;29.46
42153;0;154;29.46
42153;1473;221;29.48
42223;766;186;29.5
42223;0;170;29.5
42223;1437;234;29.45
42223;882;198;29.35
42228;31;189;29.24
42229;1623;255;29.12
42229;757;198;29.02
42297;97;200;28.92
42297;1530;246;28.82
42297;873;201;28.72
42297;223;210;28.61
42297;1727;269;28.49
42297;796;208;28.37
42364;402;245;28.26
42364;2006;313;28.18
42366;674;211;28.13
42366;401;270;28.07
42368;1946;320;27.99
42369;689;234;27.91
42446;143;240;27.83
42446;1973;315;27.73
42448;305;208;27.65
42448;561;274;27.59
42448;2041;304;27.56
42448;447;218;27.53
42451;672;272;27.48
42451;1557;270;27.44
42536;365;219;27.39
42536;571;269;27.34
42536;1685;293;27.28
42536;563;235;27.22
42536;932;302;27.17
42536;1796;283;27.13
42536;624;221;27.11
42536;886;286;27.1
42614;1728;278;27.11
42614;400;208;27.12
42614;947;275;27.13
42614;1840;276;27.12
42614;479;195;27.11
42614;1171;281;27.1
42614;1723;256;27.09
42697;368;194;27.09
42697;1303;279;27.12
42697;1701;246;27.17
42699;511;193;27.23
42699;1035;270;27.29
42701;1677;250;27.34
42701;404;183;27.4
42779;1104;272;27.45
42779;1686;270;27.48
42779;272;183;27.51
42779;1411;292;27.53
42784;1602;256;27.55
42784;211;176;27.56
42784;1454;291;27.56
42784;1606;256;27.55
42870;233;190;27.52
42870;1444;300;27.48
42870;1664;270;27.45
42872;135;182;27.41
42872;1744;317;27.36
42874;1699;269;27.27
42874;79;178;27.16
42874;1891;325;27.03
42952;1708;269;26.9
42952;19;178;26.77
42952;1725;302;26.66
42952;1633;270;26.57
42952;0;182;26.49
42952;1648;305;26.39
42952;1978;288;26.28
43037;0;176;26.16
43037;1776;306;26.04
43037;1472;263;25.93
43037;275;235;25.84
43037;2043;327;25.75
43037;1725;272;25.69
43037;0;190;25.62
43037;1986;311;25.56
43120;1535;245;25.52
43120;181;203;25.49
43120;2346;321;25.47
43120;1759;241;25.46
43120;203;208;25.46
43120;2531;326;25.48
43120;1747;242;25.49
43183;250;206;25.47
43185;2323;305;25.45
43185;1644;235;25.41
43185;366;206;25.37
43185;2384;323;25.32
43187;1559;217;25.29
43241;311;206;25.26
43241;2295;297;25.22
43241;1202;198;25.19
43243;670;229;25.15
43243;2419;281;25.12
43297;1474;207;25.09
43297;807;239;25.06
43297;2544;303;25.01
43297;1362;202;24.96
43297;880;241;24.91
43396;2798;327;24.88
43398;1388;205;24.86
43398;1318;272;24.85
43400;2902;331;24.85
43402;1458;226;24.82
43402;1072;274;24.78
43404;2615;322;24.74
43404;1599;258;24.72
43405;1328;331;24.72
43485;2661;326;24.71
43485;1953;272;24.71
43487;1529;331;24.69
43487;2543;326;24.67
43489;1040;254;24.64
43489;1408;341;24.62
43489;2883;369;24.59
43491;1478;266;24.58
43559;1558;351;24.58
43559;2559;336;24.55
43559;860;247;24.52
43559;2443;416;24.5
43565;2585;336;24.48
43567;726;230;24.47
43567;1356;316;24.46
43665;2403;317;24.44
43665;1008;240;24.42
43665;3440;464;24.39
43665;1986;283;24.37
43665;1873;271;24.38
43673;2035;334;24.44
43673;2231;304;24.47
43673;1201;219;24.49
43673;2478;367;24.56
43673;1915;303;24.61
43773;878;242;24.65
43773;2131;340;24.66
43773;2981;329;24.69
43773;640;215;24.73
43779;2180;338;24.81
43779;1674;221;24.92
43779;541;220;25.02
43779;2247;368;25.1
43779;1383;810;25.16
43880;1687;246;25.19
43880;1901;299;25.2
43880;2604;273;25.23
43880;710;258;25.29
43880;1434;304;25.35
43886;2366;274;25.41
43886;354;238;25.45
43886;2269;357;25.46
43886;2611;333;25.45
43886;128;198;25.43
43984;3245;412;25.4
43984;1851;234;25.4
43984;615;1455;25.41
43984;2521;1247;25.43
43984;1844;272;25.47
43993;1023;234;25.5
43994;2678;312;25.54
43996;1571;259;25.58
43998;109;185;25.61
43998;2645;351;25.62
44080;1823;254;25.63
44080;170;222;25.63
44080;1648;291;25.65
44080;1535;255;25.68
44080;61;183;25.69
44083;2953;359;25.7
44083;1660;275;25.69
44161;186;233;25.71
44163;2608;310;25.73
44163;1569;249;25.67
44165;181;237;25.68
44165;2640;349;25.7
44167;1392;253;25.77
44167;338;253;25.8
44169;2509;338;25.83
44241;1442;257;25.85
44244;502;266;25.83
44246;2715;339;25.75
44246;1476;250;25.69
44246;587;288;25.67
44246;2909;362;25.66
44249;1312;238;25.62
44333;765;304;25.57
44333;3071;389;25.55
44333;1177;233;25.54
44333;1023;325;25.49
44333;3166;391;25.5
44333;985;229;25.52
44333;1199;331;25.49
44333;3057;339;25.45
44420;961;229;25.41
44420;1136;319;25.33
44422;2815;325;25.26
44422;869;237;25.23
44422;1261;336;25.23
44424;2705;325;25.23
44424;896;249;25.24
44424;1565;370;25.23
44500;2763;343;25.22
44500;912;241;25.21
44500;1766;379;25.18
44500;2933;362;25.11
44500;780;239;25.03
44500;1807;371;24.98
44500;2901;345;24.95
44579;773;230;24.88
44579;1898;374;24.79
44581;2685;318;24.68
44581;717;222;24.62
44581;1925;375;24.61
44583;2486;304;24.58
44583;511;205;24.56
44657;1966;369;24.56
44657;2530;320;24.57
44657;450;191;24.56
44660;2076;380;24.54
44660;2477;326;24.51
44662;377;206;24.49
44662;2247;400;24.5
44740;2377;320;24.53
44740;305;208;24.56
44740;2230;395;24.56
44743;2379;321;24.55
44743;186;206;24.53
44745;2256;386;24.51
44746;2224;321;24.48
44746;139;206;24.45
44821;2325;400;24.41
44821;2224;321;24.36
44821;48;206;24.3
44821;2391;401;24.25
44821;2195;321;24.22
44827;0;202;24.21
44829;2391;384;24.24
44913;2130;322;24.26
44913;0;209;24.25
44915;2518;390;24.24
44915;1979;304;24.21
44915;16;230;24.17
44915;2437;385;24.15
44918;2000;305;24.16
44918;57;237;24.18
44993;2511;388;24.19
44996;1967;307;24.2
44996;129;244;24.19
44996;2491;383;24.17
44998;1883;297;24.16
44998;216;253;24.17
45000;2559;393;24.17
45000;1805;296;24.16
45083;215;243;24.16
45083;2544;384;24.14
45083;1777;283;24.15
45083;307;241;24.18
45083;2559;357;24.23
45083;1661;251;24.29
45083;447;240;24.3
45083;2589;353;24.29
45166;1650;245;24.3
45166;511;238;24.34
45166;2512;330;24.42
45166;1616;240;24.53
45166;607;238;24.63
45166;2559;367;24.71
45166;1521;254;24.8
45256;688;289;24.89
45256;2665;371;25.0
45260;1446;256;25.13
45260;841;298;25.25
45260;2821;399;25.36
45260;1398;249;25.45
45260;1037;295;25.55
45260;2942;381;25.66
45333;1183;207;25.8
45333;1204;283;25.94
45333;2953;351;26.09
45333;1130;191;26.24
45333;1317;279;26.43
45333;2902;333;26.58
45333;1119;197;26.71
45428;1462;286;26.82
45428;2758;297;26.91
45430;1142;212;26.95
45430;1489;295;26.99
45430;2613;293;27.04
45430;1152;219;27.07
45433;1741;319;27.16
45433;2629;319;27.34
45433;1114;214;27.42
45491;2031;336;27.44
45491;2842;342;27.46
45495;1044;222;27.45
45495;2083;346;27.43
45495;2799;329;27.44
45571;1009;213;27.46
45571;2031;329;27.5
45571;2546;304;27.55
45571;904;208;27.58
45571;2171;379;27.62
45571;2445;345;27.6
45571;864;251;27.56
45655;2203;413;27.5
45655;2352;348;27.45
45655;756;250;27.45
45655;2236;394;27.47
45655;2352;333;27.47
45655;594;253;27.4
45662;2363;427;27.31
45662;2374;368;27.42
45730;537;235;27.42
45730;2503;401;27.38
45732;2269;327;27.36
45732;435;215;27.36
45732;2486;378;27.34
45734;2261;304;27.32
45734;398;205;27.25
45812;2467;339;27.19
45812;2238;304;27.16
45812;304;179;27.16
45812;2603;326;27.17
45812;2192;265;27.17
45812;213;160;27.18
45818;2660;310;27.18
45901;2065;240;27.18
45901;157;150;27.18
45901;2640;304;27.18
45901;2060;242;27.17
45901;155;153;27.14
45901;2681;301;27.15
45901;2000;243;27.11
45901;30;144;27.09
45990;2765;313;27.11
45990;1934;230;27.1
45993;0;144;27.14
45993;2736;297;27.1
45995;1904;233;27.18
45995;0;150;27.36
45996;2834;301;27.36
45996;1833;225;27.31
46070;26;171;27.22
46070;2887;306;27.12
46070;1799;227;27.01
46070;96;181;27.1
46070;2916;318;27.23
46070;1755;235;27.39
46070;183;213;27.34
46153;2985;334;27.16
46153;1657;246;27.02
46153;282;235;26.97
46153;3082;353;26.99
46159;1584;242;27.02
46159;336;237;27.01
46162;3090;334;26.95
46162;1575;237;26.85
46236;432;240;26.78
46236;3013;318;26.73
46236;1489;225;26.87
46236;615;258;26.88
46236;3175;336;26.91
46243;1362;208;26.92
46243;763;272;26.83
46327;3376;354;26.73
46327;1230;199;26.64
46327;982;297;26.62
46327;3442;351;26.62
46327;1116;192;26.64
46327;1089;298;26.64
46327;3427;334;26.63
46327;1042;185;26.64
46429;1267;299;26.69
46431;3312;304;26.7
46431;1007;194;26.65
46431;1329;302;26.59
46434;3015;282;26.54
46434;976;195;26.5
46434;1473;319;26.47
46434;2923;275;26.44
46434;1009;189;26.4
46434;1662;313;26.32
46531;2987;280;26.21
46531;959;174;26.1
46531;1861;308;26.01
46531;3141;277;25.95
46531;927;156;25.9
46531;1872;302;25.84
46531;3070;235;25.75
46531;812;141;25.64
46531;1837;278;25.53
46621;2793;217;25.47
46621;747;123;25.44
46626;1989;279;25.45
46626;2747;207;25.47
46628;603;112;25.48
46629;2107;274;25.46
46629;2689;199;25.42
46631;496;98;25.38
46711;2161;272;25.36
46711;2672;192;25.36
46711;417;93;25.35
46711;2239;271;25.34
46711;2687;198;25.32
46711;345;87;25.31
46711;2437;286;25.3
46711;2598;194;25.3
46810;272;82;25.3
46810;2474;294;25.3
46810;2514;188;25.3
46810;225;86;25.28
46810;2448;279;25.26
46810;2544;192;25.23
46810;125;79;25.2
46810;2597;289;25.14
46815;2509;191;25.05
46904;27;79;24.96
46904;2673;288;24.88
46904;2416;180;24.84
46904;0;80;24.84
46904;2619;272;24.82
46904;2399;185;24.76
46904;0;89;24.68
46909;2667;278;24.63
46987;2277;178;24.67
46987;13;99;24.75
46987;2795;292;24.8
46987;2221;176;24.8
46987;87;115;24.75
46987;2769;281;24.68
46993;2195;183;24.63
46993;164;138;24.61
47083;2816;295;24.6
47083;2145;186;24.62
47083;222;140;24.53
47083;2896;293;24.52
47083;2087;185;24.53
47083;351;161;24.57
47083;2915;306;24.6
47083;2000;213;24.55
47175;443;226;24.47
47175;2931;405;24.38
47175;1892;302;24.35
47177;496;310;24.37
47177;3010;432;24.38
47177;1808;308;24.44
47177;610;310;24.49
47179;3003;435;24.55
47249;1781;320;24.59
47249;733;334;24.56
47251;2960;434;24.57
47251;1706;314;24.62
47251;890;350;24.7
47253;2959;433;24.77
47253;1569;292;24.83
47315;1056;365;24.88
47315;3159;466;24.9
47315;1523;286;24.83
47315;1271;401;24.76
47315;3344;493;24.71
47315;1314;271;24.7
47414;1472;411;24.75
47414;3291;464;24.79
47414;1211;269;24.78
47414;1557;409;24.73
47414;3266;445;24.67
47414;1268;295;24.66
47414;1667;422;24.68
47414;3088;406;24.73
47422;1197;299;24.8
47503;1724;417;24.84
47503;2849;384;24.86
47503;1136;302;24.86
47503;1904;443;24.89
47509;2864;402;24.93
47509;1199;303;24.99
47511;2176;469;25.08
47511;2992;438;25.14
47602;1072;296;25.04
47602;2287;469;24.91
47602;3021;433;24.85
47602;1018;283;24.82
47602;2239;454;24.83
47602;2841;396;24.85
47602;933;278;24.86
47602;2265;450;24.87
47610;2672;373;24.86
47695;783;263;24.82
47695;2368;452;24.77
47697;2530;367;24.72
47697;668;253;24.69
47697;2416;456;24.68
47699;2527;380;24.69
47700;574;245;24.69
47700;2509;463;24.67
47794;2495;389;24.63
47794;491;245;24.59
47794;2602;465;24.57
47794;2326;369;24.59
47794;449;247;24.62
47794;2646;466;24.65
47798;2338;369;24.69
47798;358;245;24.73
47798;2707;466;24.76
47929;2323;384;24.77
47929;334;240;24.75
47929;2727;464;24.73
47929;2190;368;24.73
47929;240;240;24.74
47929;2770;458;24.75
47929;2192;355;24.79
47929;126;222;24.8
47936;2765;426;24.79
47936;2115;348;24.83
47936;73;218;24.89
47936;2830;429;24.97
47936;2059;321;25.04
48034;11;208;25.04
48034;2832;413;25.0
48036;1978;315;24.99
48037;0;210;25.01
48038;2944;409;25.07
48038;1987;312;25.16
48038;0;204;25.24
48040;2908;382;25.31
48040;1910;288;25.33
48109;16;208;25.33
48111;2962;384;25.38
48111;1824;267;25.45
48113;87;209;25.51
48113;2960;370;25.58
48115;1806;272;25.65
48175;133;225;25.73
48177;3062;382;25.79
48179;1731;262;25.81
48181;223;235;25.82
48181;3018;370;25.82
48183;1619;251;25.82
48185;367;238;25.86
48311;3071;359;25.91
48311;1585;246;25.93
48311;429;245;25.95
48317;3147;355;25.95
48317;1511;239;25.95
48319;487;240;25.96
48319;3102;342;25.97
48321;1517;223;25.92
48321;579;241;25.87
48323;3095;327;25.88
48325;1423;240;25.88
48325;719;296;25.89
48325;3156;373;25.92
48463;1275;221;25.96
48465;849;304;26.02
48465;3343;386;26.08
48465;1182;208;26.16
48467;1065;319;26.24
48467;3568;387;26.31
48468;1047;202;26.36
48468;1213;329;26.41
48469;3436;370;26.45
48469;959;208;26.5
48470;1271;350;26.57
48470;3235;342;26.64
48530;944;228;26.67
48530;1360;379;26.67
48530;3058;354;26.66
48530;941;234;26.65
48530;1484;361;26.61
48530;2841;329;26.57
48619;899;244;26.56
48619;1605;379;26.56
48619;2845;343;26.58
48619;944;256;26.58
48619;1796;407;26.57
48619;2969;386;26.54
48619;844;250;26.48
48619;1860;403;26.43
48679;2975;384;26.39
48680;822;257;26.37
48680;1894;416;26.35
48681;2764;368;26.34
48681;718;262;26.3
48750;1930;430;26.27
48750;2685;367;26.22
48750;603;250;26.18
48750;2077;447;26.17
48750;2559;371;26.17
48750;511;245;26.18
48750;2105;461;26.19
48841;2535;382;26.18
48841;447;247;26.17
48841;2188;453;26.15
48841;2581;395;26.13
48841;362;245;26.12
48848;2288;475;26.12
48849;2524;389;26.13
48849;315;247;26.15
48947;2358;483;26.18
48947;2436;381;26.19
48947;204;251;26.19
48949;2373;465;26.19
48949;2450;391;26.21
48951;109;241;26.21
48951;2453;478;26.22
48951;2359;387;26.19
48953;128;245;26.2
48953;2512;494;26.24
49055;2368;384;26.28
49055;30;243;26.3
49055;2540;476;26.31
49055;2352;391;26.3
49055;0;250;26.3
49060;2637;491;26.29
49060;2358;385;26.31
49060;0;262;26.34
49060;2736;508;26.38
49060;2304;388;26.4
49168;4;275;26.38
49168;2722;488;26.38
49168;2320;395;26.38
49168;76;301;26.41
49168;2834;495;26.43
49168;2246;386;26.43
49174;123;309;26.43
49174;2869;493;26.46
49174;2181;379;26.48
49178;208;325;26.48
49289;2893;489;26.46
49295;2135;379;26.46
49295;275;327;26.45
49295;2974;496;26.44
49297;2025;367;26.44
49297;432;350;26.45
49297;3091;503;26.47
49297;2089;366;26.45
49297;486;353;26.43
49297;3284;509;26.41
49297;2450;399;26.41
49412;560;363;26.41
49412;3599;528;26.4
49412;2162;370;26.4
49412;608;352;26.41
49412;3477;481;26.42
49412;1903;326;26.42
49421;1038;354;26.4
49421;3565;464;26.37
49423;1687;305;26.35
49423;846;326;26.35
49425;2501;372;26.35
49536;1513;286;26.34
49541;1069;365;26.32
49541;3632;493;26.29
49543;1707;305;26.26
49545;1296;397;26.25
49545;3894;528;26.26
49547;1516;282;26.27
49547;1459;455;26.3
49549;3543;528;26.28
49549;1311;304;26.28
49549;1583;459;26.28
49661;3827;528;26.27
49661;1385;320;26.25
49661;1586;446;26.23
49661;3628;482;26.19
49661;1360;331;26.13
49667;1723;450;26.12
49668;3217;441;26.12
49668;1258;321;26.1
49668;1756;448;26.1
49668;3022;431;26.08
49668;1275;336;26.05
49776;1954;486;26.01
49778;2979;438;25.98
49778;1240;338;25.97
49780;2076;495;25.95
49781;2946;450;25.95
49781;1189;326;25.97
49783;2240;483;26.0
49783;3147;474;26.05
49785;1059;317;26.04
49785;2355;496;26.02
49785;3019;444;26.01
49898;972;310;26.01
49900;2423;495;26.03
49900;2850;410;26.05
49902;918;300;26.06
49902;2415;475;26.08
49902;2640;385;26.11
49904;752;273;26.13
49904;2499;478;26.15
49906;2604;396;26.16
49906;706;262;26.15
49908;2547;486;26.15
49988;2559;390;26.13
49988;601;266;26.1
49991;2523;467;26.08
49991;2487;389;26.06
49991;481;254;26.05
49991;2668;478;26.04
49994;2434;397;26.03
50076;357;256;26.02
50078;3137;539;26.0
50078;2893;422;25.97
50080;496;266;25.94
50080;3246;539;25.9
50080;2929;432;25.87
50082;398;259;25.84
50082;3387;539;25.82
50173;3003;447;25.81
50173;368;256;25.83
50175;3569;570;25.85
50175;2944;426;25.86
50175;305;253;25.87
50177;3648;560;25.87
50177;2927;418;25.88
50179;166;242;25.89
50179;3739;549;25.9
50265;2896;419;25.89
50265;129;247;25.89
50267;3929;551;25.9
50267;2715;401;25.89
50267;48;243;25.87
50267;3882;541;25.87
50267;2795;422;25.86
50267;0;255;25.85
50343;4005;543;25.84
50343;2719;420;25.82
50345;0;265;25.79
50345;4068;545;25.76
50345;2643;401;25.73
50345;64;288;25.7
50347;4095;556;25.67
50434;2638;402;25.64
50436;139;305;25.62
50436;4095;555;25.57
50436;2506;395;25.55
50438;209;319;25.55
50438;4095;560;25.54
50438;2414;371;25.52
50440;325;324;25.48
50532;4095;542;25.44
50534;2359;382;25.39
50534;538;362;25.34
50534;4095;528;25.3
50536;2273;368;25.28
50536;656;370;25.31
50538;4095;502;25.36
50538;2190;336;25.41
50538;845;351;25.45
50624;4095;484;25.47
50624;2167;331;25.47
50624;990;379;25.49
50624;4095;490;25.51
50628;2032;304;25.52
50630;1152;384;25.53
50630;4095;526;25.54
50630;1919;281;25.54
50633;1297;401;25.54
50720;4095;542;25.54
50720;1754;277;25.52
50722;1472;419;25.48
50724;4095;526;25.46
50725;1607;283;25.43
50725;1655;432;25.4
50727;4095;476;25.37
50727;1535;270;25.32
50819;1734;423;25.28
50820;4095;446;25.26
50820;1570;288;25.27
50820;1776;421;25.31
50820;4095;401;25.31
50820;1454;274;25.31
50824;1867;423;25.3
50825;4095;397;25.31
50825;1507;279;25.33
50911;2155;451;25.35
50911;4095;414;25.37
50911;1412;259;25.38
50916;2416;455;25.39
50916;4095;432;25.4
50916;1296;240;25.4
50916;2416;442;25.4
50916;4095;432;25.4
50999;1209;222;25.41
51001;2431;431;25.42
51001;4095;368;25.44
51001;1152;210;25.45
51001;2591;431;25.46
51001;3765;337;25.45
51001;999;199;25.43
51001;2524;416;25.41
51064;3621;319;25.37
51064;805;180;25.33
51064;2553;403;25.3
51064;3506;326;25.29
51070;688;167;25.29
51070;2736;415;25.29
51158;3428;311;25.3
51160;603;161;25.31
51160;2794;413;25.33
51160;3392;304;25.35
51160;467;149;25.37
51164;2768;389;25.37
51164;3228;300;25.37
51164;417;147;25.38
51243;2885;399;25.4
51243;3149;278;25.42
51243;333;139;25.44
51243;2907;384;25.46
51247;3140;279;25.47
51247;189;125;25.48
51249;2939;370;25.49
51249;3026;272;25.5
51408;123;118;25.49
51410;3056;376;25.49
51410;2944;258;25.49
51412;49;110;25.49
51414;2971;340;25.5
51414;2887;256;25.51
51416;0;122;25.53
51418;3101;357;25.53
51418;2847;246;25.52
51420;6;126;25.5
51420;3187;368;25.47
51422;2758;243;25.44
51424;36;131;25.42
51426;3103;355;25.45
51426;2704;245;25.52
51428;59;146;25.6
